observation_id,Benchmark,doi,Dataset,DatasetNumber,DatasetType,DatasetOrigin,run,ToolReported,Tool,tool_family,tool_version,TP,FP,TP_plus_FP,TruthTotal,Recall,Precision,F1,FN_reported,FN_recalculated,precision_recalculated,recall_recalculated,f1_recalculated,execution_time_h,memory_usage,time_ranking_in_set,Read_length,number_of_reads,has_f1,has_precision_recall,Is_Edgren,source_file,source_sheet,Benchmark_purpose,new_tool,FN,Is_Edgren_Binary
OBS0001,1,doi.org/10.1186/s13059-019-1842-9,Dataset1.1,1.1,simulated,Simulated,,STAR-SEQR,STAR-SEQR,STAR-SEQR,,445.0,2.0,,500.0,0.89,1.0,0.9417989417989416,,55.0,0.9955257270693512,0.89,0.9398099260823654,,,,50.0,30000000.0,True,True,False,Benchmarki_Agnieszka.xlsx,"Sensitivity, Precision",new_tool,"yes, STAR-Fusion and TrinityFusion",55.0,no
OBS0002,1,doi.org/10.1186/s13059-019-1842-9,Dataset1.1,1.1,simulated,Simulated,,Arriba,Arriba,Arriba,,443.0,11.0,,500.0,0.89,0.98,0.9328342245989304,,57.0,0.9757709251101322,0.886,0.9287211740041929,,,,50.0,30000000.0,True,True,False,Benchmarki_Agnieszka.xlsx,"Sensitivity, Precision",new_tool,"yes, STAR-Fusion and TrinityFusion",57.0,no
OBS0003,1,doi.org/10.1186/s13059-019-1842-9,Dataset1.1,1.1,simulated,Simulated,,STAR-Fusion,STAR-Fusion,STAR-Fusion,,422.0,9.0,,500.0,0.84,0.98,0.9046153846153846,,78.0,0.9791183294663574,0.844,0.9065520945220192,,,,50.0,30000000.0,True,True,False,Benchmarki_Agnieszka.xlsx,"Sensitivity, Precision",new_tool,"yes, STAR-Fusion and TrinityFusion",78.0,no
OBS0004,1,doi.org/10.1186/s13059-019-1842-9,Dataset1.1,1.1,simulated,Simulated,,JAFFA-Direct,JAFFA-Direct,JAFFA,,421.0,13.0,,500.0,0.84,0.97,0.9003314917127071,,79.0,0.9700460829493088,0.842,0.9014989293361882,,,,50.0,30000000.0,True,True,False,Benchmarki_Agnieszka.xlsx,"Sensitivity, Precision",new_tool,"yes, STAR-Fusion and TrinityFusion",79.0,no
OBS0005,1,doi.org/10.1186/s13059-019-1842-9,Dataset1.1,1.1,simulated,Simulated,,nFuse,nFuse,nFuse,,415.0,15.0,,500.0,0.83,0.97,0.8945555555555555,,85.0,0.9651162790697676,0.83,0.8924731182795699,,,,50.0,30000000.0,True,True,False,Benchmarki_Agnieszka.xlsx,"Sensitivity, Precision",new_tool,"yes, STAR-Fusion and TrinityFusion",85.0,no
OBS0006,1,doi.org/10.1186/s13059-019-1842-9,Dataset1.1,1.1,simulated,Simulated,,pizzly,Pizzly,Pizzly,,420.0,21.0,,500.0,0.84,0.95,0.8916201117318435,,80.0,0.9523809523809524,0.84,0.8926673751328373,,,,50.0,30000000.0,True,True,False,Benchmarki_Agnieszka.xlsx,"Sensitivity, Precision",new_tool,"yes, STAR-Fusion and TrinityFusion",80.0,no
OBS0007,1,doi.org/10.1186/s13059-019-1842-9,Dataset1.1,1.1,simulated,Simulated,,TopHat-Fusion,TopHat-Fusion,TopHat-Fusion,,403.0,5.0,,500.0,0.81,0.99,0.891,,97.0,0.9877450980392156,0.806,0.8876651982378855,,,,50.0,30000000.0,True,True,False,Benchmarki_Agnieszka.xlsx,"Sensitivity, Precision",new_tool,"yes, STAR-Fusion and TrinityFusion",97.0,no
OBS0008,1,doi.org/10.1186/s13059-019-1842-9,Dataset1.1,1.1,simulated,Simulated,,deFuse,deFuse,deFuse,,394.0,8.0,,500.0,0.79,0.98,0.8748022598870057,,106.0,0.9800995024875622,0.788,0.8736141906873615,,,,50.0,30000000.0,True,True,False,Benchmarki_Agnieszka.xlsx,"Sensitivity, Precision",new_tool,"yes, STAR-Fusion and TrinityFusion",106.0,no
OBS0009,1,doi.org/10.1186/s13059-019-1842-9,Dataset1.1,1.1,simulated,Simulated,,ARRIBA_hc,Arriba-hc,Arriba,,389.0,2.0,,500.0,0.78,0.99,0.8725423728813559,,111.0,0.9948849104859336,0.778,0.8731762065095398,,,,50.0,30000000.0,True,True,False,Benchmarki_Agnieszka.xlsx,"Sensitivity, Precision",new_tool,"yes, STAR-Fusion and TrinityFusion",111.0,no
OBS0010,1,doi.org/10.1186/s13059-019-1842-9,Dataset1.1,1.1,simulated,Simulated,,FusionCatcher,FusionCatcher,FusionCatcher,,387.0,8.0,,500.0,0.77,0.98,0.8624,,113.0,0.979746835443038,0.774,0.8648044692737431,,,,50.0,30000000.0,True,True,False,Benchmarki_Agnieszka.xlsx,"Sensitivity, Precision",new_tool,"yes, STAR-Fusion and TrinityFusion",113.0,no
OBS0011,1,doi.org/10.1186/s13059-019-1842-9,Dataset1.1,1.1,simulated,Simulated,,InFusion,InFusion,InFusion,,378.0,4.0,,500.0,0.76,0.99,0.8598857142857143,,122.0,0.9895287958115184,0.756,0.8571428571428572,,,,50.0,30000000.0,True,True,False,Benchmarki_Agnieszka.xlsx,"Sensitivity, Precision",new_tool,"yes, STAR-Fusion and TrinityFusion",122.0,no
OBS0012,1,doi.org/10.1186/s13059-019-1842-9,Dataset1.1,1.1,simulated,Simulated,,MapSplice,MapSplice,MapSplice,,363.0,1.0,,500.0,0.73,1.0,0.8439306358381503,,137.0,0.9972527472527472,0.726,0.8402777777777777,,,,50.0,30000000.0,True,True,False,Benchmarki_Agnieszka.xlsx,"Sensitivity, Precision",new_tool,"yes, STAR-Fusion and TrinityFusion",137.0,no
OBS0013,1,doi.org/10.1186/s13059-019-1842-9,Dataset1.1,1.1,simulated,Simulated,,STARChip,STARChip,STARChip,,363.0,3.0,,500.0,0.73,0.99,0.8403488372093023,,137.0,0.9918032786885246,0.726,0.8383371824480369,,,,50.0,30000000.0,True,True,False,Benchmarki_Agnieszka.xlsx,"Sensitivity, Precision",new_tool,"yes, STAR-Fusion and TrinityFusion",137.0,no
OBS0014,1,doi.org/10.1186/s13059-019-1842-9,Dataset1.1,1.1,simulated,Simulated,,TrinityFusion-C,TrinityFusion-C,TrinityFusion,,358.0,2.0,,500.0,0.72,0.99,0.8336842105263158,,142.0,0.9944444444444444,0.716,0.8325581395348838,,,,50.0,30000000.0,True,True,False,Benchmarki_Agnieszka.xlsx,"Sensitivity, Precision",new_tool,"yes, STAR-Fusion and TrinityFusion",142.0,no
OBS0015,1,doi.org/10.1186/s13059-019-1842-9,Dataset1.1,1.1,simulated,Simulated,,ChimeraScan,ChimeraScan,ChimeraScan,,416.0,84.0,,500.0,0.83,0.83,0.83,,84.0,0.832,0.832,0.832,,,,50.0,30000000.0,True,True,False,Benchmarki_Agnieszka.xlsx,"Sensitivity, Precision",new_tool,"yes, STAR-Fusion and TrinityFusion",84.0,no
OBS0016,1,doi.org/10.1186/s13059-019-1842-9,Dataset1.1,1.1,simulated,Simulated,,JAFFA-Hybrid,JAFFA-Hybrid,JAFFA,,360.0,10.0,,500.0,0.72,0.97,0.8265088757396449,,140.0,0.972972972972973,0.72,0.8275862068965518,,,,50.0,30000000.0,True,True,False,Benchmarki_Agnieszka.xlsx,"Sensitivity, Precision",new_tool,"yes, STAR-Fusion and TrinityFusion",140.0,no
OBS0017,1,doi.org/10.1186/s13059-019-1842-9,Dataset1.1,1.1,simulated,Simulated,,SOAPfuse,SOAPfuse,SOAPfuse,,344.0,2.0,,500.0,0.69,0.99,0.8132142857142857,,156.0,0.9942196531791908,0.688,0.8132387706855791,,,,50.0,30000000.0,True,True,False,Benchmarki_Agnieszka.xlsx,"Sensitivity, Precision",new_tool,"yes, STAR-Fusion and TrinityFusion",156.0,no
OBS0018,1,doi.org/10.1186/s13059-019-1842-9,Dataset1.1,1.1,simulated,Simulated,,TrinityFusion-UC,TrinityFusion-UC,TrinityFusion,,332.0,1.0,,500.0,0.66,1.0,0.7951807228915663,,168.0,0.996996996996997,0.664,0.7971188475390156,,,,50.0,30000000.0,True,True,False,Benchmarki_Agnieszka.xlsx,"Sensitivity, Precision",new_tool,"yes, STAR-Fusion and TrinityFusion",168.0,no
OBS0019,1,doi.org/10.1186/s13059-019-1842-9,Dataset1.1,1.1,simulated,Simulated,,EricScript,EricScript,EricScript,,343.0,31.0,,500.0,0.69,0.92,0.7885714285714287,,157.0,0.9171122994652406,0.686,0.7848970251716247,,,,50.0,30000000.0,True,True,False,Benchmarki_Agnieszka.xlsx,"Sensitivity, Precision",new_tool,"yes, STAR-Fusion and TrinityFusion",157.0,no
OBS0020,1,doi.org/10.1186/s13059-019-1842-9,Dataset1.1,1.1,simulated,Simulated,,JAFFA-Assembly,JAFFA-Assembly,JAFFA,,333.0,68.0,,500.0,0.67,0.83,0.7414666666666667,,167.0,0.830423940149626,0.666,0.7391786903440623,,,,50.0,30000000.0,True,True,False,Benchmarki_Agnieszka.xlsx,"Sensitivity, Precision",new_tool,"yes, STAR-Fusion and TrinityFusion",167.0,no
OBS0021,1,doi.org/10.1186/s13059-019-1842-9,Dataset1.1,1.1,simulated,Simulated,,PRADA,PRADA,PRADA,,278.0,1.0,,500.0,0.56,1.0,0.717948717948718,,222.0,0.996415770609319,0.556,0.7137355584082158,,,,50.0,30000000.0,True,True,False,Benchmarki_Agnieszka.xlsx,"Sensitivity, Precision",new_tool,"yes, STAR-Fusion and TrinityFusion",222.0,no
OBS0022,1,doi.org/10.1186/s13059-019-1842-9,Dataset1.1,1.1,simulated,Simulated,,ChimPipe,ChimPipe,ChimPipe,,281.0,2.0,,500.0,0.56,0.99,0.7153548387096774,,219.0,0.9929328621908128,0.562,0.7177522349936143,,,,50.0,30000000.0,True,True,False,Benchmarki_Agnieszka.xlsx,"Sensitivity, Precision",new_tool,"yes, STAR-Fusion and TrinityFusion",219.0,no
OBS0023,1,doi.org/10.1186/s13059-019-1842-9,Dataset1.1,1.1,simulated,Simulated,,TrinityFusion-D,TrinityFusion-D,TrinityFusion,,200.0,2.0,,500.0,0.4,0.99,0.5697841726618704,,300.0,0.99009900990099,0.4,0.5698005698005699,,,,50.0,30000000.0,True,True,False,Benchmarki_Agnieszka.xlsx,"Sensitivity, Precision",new_tool,"yes, STAR-Fusion and TrinityFusion",300.0,no
OBS0024,1,doi.org/10.1186/s13059-019-1842-9,Dataset1.1,1.1,simulated,Simulated,,FusionHunter,FusionHunter,FusionHunter,,183.0,5.0,,500.0,0.37,0.97,0.5356716417910449,,317.0,0.973404255319149,0.366,0.5319767441860465,,,,50.0,30000000.0,True,True,False,Benchmarki_Agnieszka.xlsx,"Sensitivity, Precision",new_tool,"yes, STAR-Fusion and TrinityFusion",317.0,no
OBS0025,1,doi.org/10.1186/s13059-019-1842-9,Dataset1.2,1.2,simulated,Simulated,run4,STAR-SEQR,STAR-SEQR,STAR-SEQR,,2339.0,10.0,,2500.0,0.94,1.0,0.9690721649484536,161.0,161.0,0.9957428693060876,0.9356,0.9647349969065786,,,,101.0,30000000.0,True,True,False,Benchmarki_Agnieszka.xlsx,"Sensitivity, Precision",new_tool,"yes, STAR-Fusion and TrinityFusion",161.0,no
OBS0026,1,doi.org/10.1186/s13059-019-1842-9,Dataset1.2,1.2,simulated,Simulated,,Arriba,Arriba,Arriba,,2335.0,53.0,,2500.0,0.93,0.98,0.9543455497382198,,165.0,0.9778056951423786,0.934,0.9554009819967269,,,,101.0,30000000.0,True,True,False,Benchmarki_Agnieszka.xlsx,"Sensitivity, Precision",new_tool,"yes, STAR-Fusion and TrinityFusion",165.0,no
OBS0027,1,doi.org/10.1186/s13059-019-1842-9,Dataset1.2,1.2,simulated,Simulated,,STAR-Fusion,STAR-Fusion,STAR-Fusion,,2293.0,45.0,,2500.0,0.92,0.98,0.9490526315789476,,207.0,0.9807527801539776,0.9172,0.947912360479537,,,,101.0,30000000.0,True,True,False,Benchmarki_Agnieszka.xlsx,"Sensitivity, Precision",new_tool,"yes, STAR-Fusion and TrinityFusion",207.0,no
OBS0028,1,doi.org/10.1186/s13059-019-1842-9,Dataset1.2,1.2,simulated,Simulated,,pizzly,Pizzly,Pizzly,,2266.0,129.0,,2500.0,0.91,0.95,0.9295698924731184,,234.0,0.9461377870563674,0.9064,0.9258426966292134,,,,101.0,30000000.0,True,True,False,Benchmarki_Agnieszka.xlsx,"Sensitivity, Precision",new_tool,"yes, STAR-Fusion and TrinityFusion",234.0,no
OBS0029,1,doi.org/10.1186/s13059-019-1842-9,Dataset1.2,1.2,simulated,Simulated,,TopHat-Fusion,TopHat-Fusion,TopHat-Fusion,,2116.0,30.0,,2500.0,0.85,0.99,0.9146739130434784,,384.0,0.9860205032618826,0.8464,0.9108910891089108,,,,101.0,30000000.0,True,True,False,Benchmarki_Agnieszka.xlsx,"Sensitivity, Precision",new_tool,"yes, STAR-Fusion and TrinityFusion",384.0,no
OBS0030,1,doi.org/10.1186/s13059-019-1842-9,Dataset1.2,1.2,simulated,Simulated,,nFuse,nFuse,nFuse,,2170.0,94.0,,2500.0,0.87,0.96,0.9127868852459016,,330.0,0.9584805653710248,0.868,0.9109991603694374,,,,101.0,30000000.0,True,True,False,Benchmarki_Agnieszka.xlsx,"Sensitivity, Precision",new_tool,"yes, STAR-Fusion and TrinityFusion",330.0,no
OBS0031,1,doi.org/10.1186/s13059-019-1842-9,Dataset1.2,1.2,simulated,Simulated,,JAFFA-Direct,JAFFA-Direct,JAFFA,,2146.0,56.0,,2500.0,0.86,0.97,0.9116939890710382,,354.0,0.9745685740236149,0.8584,0.9128030625265844,,,,101.0,30000000.0,True,True,False,Benchmarki_Agnieszka.xlsx,"Sensitivity, Precision",new_tool,"yes, STAR-Fusion and TrinityFusion",354.0,no
OBS0032,1,doi.org/10.1186/s13059-019-1842-9,Dataset1.2,1.2,simulated,Simulated,,InFusion,InFusion,InFusion,,2068.0,17.0,,2500.0,0.83,0.99,0.9029670329670332,,432.0,0.9918465227817744,0.8272,0.9020719738276992,,,,101.0,30000000.0,True,True,False,Benchmarki_Agnieszka.xlsx,"Sensitivity, Precision",new_tool,"yes, STAR-Fusion and TrinityFusion",432.0,no
OBS0033,1,doi.org/10.1186/s13059-019-1842-9,Dataset1.2,1.2,simulated,Simulated,,FusionCatcher,FusionCatcher,FusionCatcher,,2075.0,38.0,,2500.0,0.83,0.98,0.8987845303867402,,425.0,0.9820160908660672,0.83,0.8996314762627358,,,,101.0,30000000.0,True,True,False,Benchmarki_Agnieszka.xlsx,"Sensitivity, Precision",new_tool,"yes, STAR-Fusion and TrinityFusion",425.0,no
OBS0034,1,doi.org/10.1186/s13059-019-1842-9,Dataset1.2,1.2,simulated,Simulated,,ARRIBA_hc,Arriba-hc,Arriba,,2034.0,15.0,,2500.0,0.81,0.99,0.891,,466.0,0.9926793557833088,0.8136,0.8942624752692899,,,,101.0,30000000.0,True,True,False,Benchmarki_Agnieszka.xlsx,"Sensitivity, Precision",new_tool,"yes, STAR-Fusion and TrinityFusion",466.0,no
OBS0035,1,doi.org/10.1186/s13059-019-1842-9,Dataset1.2,1.2,simulated,Simulated,,deFuse,deFuse,deFuse,,2064.0,78.0,,2500.0,0.83,0.96,0.8902793296089385,,436.0,0.9635854341736696,0.8256,0.8892718655751831,,,,101.0,30000000.0,True,True,False,Benchmarki_Agnieszka.xlsx,"Sensitivity, Precision",new_tool,"yes, STAR-Fusion and TrinityFusion",436.0,no
OBS0036,1,doi.org/10.1186/s13059-019-1842-9,Dataset1.2,1.2,simulated,Simulated,,STARChip,STARChip,STARChip,,2004.0,10.0,,2500.0,0.8,1.0,0.888888888888889,,496.0,0.9950347567030784,0.8016,0.8879042977403633,,,,101.0,30000000.0,True,True,False,Benchmarki_Agnieszka.xlsx,"Sensitivity, Precision",new_tool,"yes, STAR-Fusion and TrinityFusion",496.0,no
OBS0037,1,doi.org/10.1186/s13059-019-1842-9,Dataset1.2,1.2,simulated,Simulated,,MapSplice,MapSplice,MapSplice,,1967.0,6.0,,2500.0,0.79,1.0,0.8826815642458101,,533.0,0.996958945767866,0.7868,0.8794992175273866,,,,101.0,30000000.0,True,True,False,Benchmarki_Agnieszka.xlsx,"Sensitivity, Precision",new_tool,"yes, STAR-Fusion and TrinityFusion",533.0,no
OBS0038,1,doi.org/10.1186/s13059-019-1842-9,Dataset1.2,1.2,simulated,Simulated,,TrinityFusion-C,TrinityFusion-C,TrinityFusion,,1963.0,12.0,,2500.0,0.79,0.99,0.8787640449438202,,537.0,0.9939240506329112,0.7852,0.8773184357541899,,,,101.0,30000000.0,True,True,False,Benchmarki_Agnieszka.xlsx,"Sensitivity, Precision",new_tool,"yes, STAR-Fusion and TrinityFusion",537.0,no
OBS0039,1,doi.org/10.1186/s13059-019-1842-9,Dataset1.2,1.2,simulated,Simulated,,ChimPipe,ChimPipe,ChimPipe,,1953.0,5.0,,2500.0,0.78,1.0,0.8764044943820225,,547.0,0.9974463738508682,0.7812,0.8761776581426649,,,,101.0,30000000.0,True,True,False,Benchmarki_Agnieszka.xlsx,"Sensitivity, Precision",new_tool,"yes, STAR-Fusion and TrinityFusion",547.0,no
OBS0040,1,doi.org/10.1186/s13059-019-1842-9,Dataset1.2,1.2,simulated,Simulated,,TrinityFusion-UC,TrinityFusion-UC,TrinityFusion,,1892.0,11.0,,2500.0,0.76,0.99,0.8598857142857143,,608.0,0.9942196531791908,0.7568,0.8594140358846242,,,,101.0,30000000.0,True,True,False,Benchmarki_Agnieszka.xlsx,"Sensitivity, Precision",new_tool,"yes, STAR-Fusion and TrinityFusion",608.0,no
OBS0041,1,doi.org/10.1186/s13059-019-1842-9,Dataset1.2,1.2,simulated,Simulated,,ChimeraScan,ChimeraScan,ChimeraScan,,2094.0,342.0,,2500.0,0.84,0.86,0.8498823529411764,,406.0,0.8596059113300493,0.8376,0.8484602917341978,,,,101.0,30000000.0,True,True,False,Benchmarki_Agnieszka.xlsx,"Sensitivity, Precision",new_tool,"yes, STAR-Fusion and TrinityFusion",406.0,no
OBS0042,1,doi.org/10.1186/s13059-019-1842-9,Dataset1.2,1.2,simulated,Simulated,,JAFFA-Hybrid,JAFFA-Hybrid,JAFFA,,1831.0,54.0,,2500.0,0.73,0.97,0.8330588235294117,,669.0,0.9713527851458886,0.7324,0.8351197263397948,,,,101.0,30000000.0,True,True,False,Benchmarki_Agnieszka.xlsx,"Sensitivity, Precision",new_tool,"yes, STAR-Fusion and TrinityFusion",669.0,no
OBS0043,1,doi.org/10.1186/s13059-019-1842-9,Dataset1.2,1.2,simulated,Simulated,,SOAPfuse,SOAPfuse,SOAPfuse,,1769.0,21.0,,2500.0,0.71,0.99,0.8269411764705882,,731.0,0.988268156424581,0.7076,0.8247086247086247,,,,101.0,30000000.0,True,True,False,Benchmarki_Agnieszka.xlsx,"Sensitivity, Precision",new_tool,"yes, STAR-Fusion and TrinityFusion",731.0,no
OBS0044,1,doi.org/10.1186/s13059-019-1842-9,Dataset1.2,1.2,simulated,Simulated,,EricScript,EricScript,EricScript,,1791.0,201.0,,2500.0,0.72,0.9,0.7999999999999999,,709.0,0.8990963855421686,0.7164,0.7974176313446126,,,,101.0,30000000.0,True,True,False,Benchmarki_Agnieszka.xlsx,"Sensitivity, Precision",new_tool,"yes, STAR-Fusion and TrinityFusion",709.0,no
OBS0045,1,doi.org/10.1186/s13059-019-1842-9,Dataset1.2,1.2,simulated,Simulated,,PRADA,PRADA,PRADA,,1643.0,2.0,,2500.0,0.66,1.0,0.7951807228915663,,857.0,0.9987841945288752,0.6572,0.7927623642943306,,,,101.0,30000000.0,True,True,False,Benchmarki_Agnieszka.xlsx,"Sensitivity, Precision",new_tool,"yes, STAR-Fusion and TrinityFusion",857.0,no
OBS0046,1,doi.org/10.1186/s13059-019-1842-9,Dataset1.2,1.2,simulated,Simulated,,JAFFA-Assembly,JAFFA-Assembly,JAFFA,,1620.0,228.0,,2500.0,0.65,0.88,0.7477124183006537,,880.0,0.8766233766233766,0.648,0.7451701931922723,,,,101.0,30000000.0,True,True,False,Benchmarki_Agnieszka.xlsx,"Sensitivity, Precision",new_tool,"yes, STAR-Fusion and TrinityFusion",880.0,no
OBS0047,1,doi.org/10.1186/s13059-019-1842-9,Dataset1.2,1.2,simulated,Simulated,,TrinityFusion-D,TrinityFusion-D,TrinityFusion,,1097.0,12.0,,2500.0,0.44,0.99,0.6092307692307692,,1403.0,0.9891794409377818,0.4388,0.6079246328622888,,,,101.0,30000000.0,True,True,False,Benchmarki_Agnieszka.xlsx,"Sensitivity, Precision",new_tool,"yes, STAR-Fusion and TrinityFusion",1403.0,no
OBS0048,1,doi.org/10.1186/s13059-019-1842-9,Dataset1.2,1.2,simulated,Simulated,,FusionHunter,FusionHunter,FusionHunter,,1091.0,17.0,,2500.0,0.44,0.98,0.6073239436619718,,1409.0,0.9846570397111912,0.4364,0.6047671840354767,,,,101.0,30000000.0,True,True,False,Benchmarki_Agnieszka.xlsx,"Sensitivity, Precision",new_tool,"yes, STAR-Fusion and TrinityFusion",1409.0,no
OBS0049,1,doi.org/10.1186/s13059-019-1842-9,Dataset1.3,1.3,real,Real,,STAR-Fusion,STAR-Fusion,STAR-Fusion,v1.5 kickstart,,,,,,,,,,,,,1.0,,1.0,,,False,False,False,Benchmarki_Agnieszka.xlsx,"Sensitivity, Precision",new_tool,"yes, STAR-Fusion and TrinityFusion",,no
OBS0050,1,doi.org/10.1186/s13059-019-1842-9,Dataset1.3,1.3,real,Real,,ARRIBA_hc,Arriba-hc,Arriba,,341.0,106.0,447.0,490.0,0.6959183673469388,0.7628635346756152,0.727854855923159,,149.0,0.7628635346756152,0.6959183673469388,0.727854855923159,,,,,,True,True,False,Benchmarki_Agnieszka.xlsx,"Sensitivity, Precision",new_tool,"yes, STAR-Fusion and TrinityFusion",149.0,no
OBS0051,1,doi.org/10.1186/s13059-019-1842-9,Dataset1.3,1.3,real,Real,,Arriba,Arriba,Arriba,1.1.0.,394.0,241.0,635.0,490.0,0.8040816326530612,0.6204724409448819,0.7004444444444444,,96.0,0.6204724409448819,0.8040816326530612,0.7004444444444444,2.0,,2.0,,,True,True,False,Benchmarki_Agnieszka.xlsx,"Sensitivity, Precision",new_tool,"yes, STAR-Fusion and TrinityFusion",96.0,no
OBS0052,1,doi.org/10.1186/s13059-019-1842-9,Dataset1.3,1.3,real,Real,,pizzly,Pizzly,Pizzly,0.37.3,235.0,303.0,538.0,490.0,0.4795918367346938,0.4368029739776952,0.4571984435797665,,255.0,0.4368029739776952,0.4795918367346938,0.4571984435797665,2.0,,2.0,,,True,True,False,Benchmarki_Agnieszka.xlsx,"Sensitivity, Precision",new_tool,"yes, STAR-Fusion and TrinityFusion",255.0,no
OBS0053,1,doi.org/10.1186/s13059-019-1842-9,Dataset1.3,1.3,real,Real,,STARChip,STARChip,STARChip,May012019,229.0,81.0,310.0,490.0,0.4673469387755102,0.7387096774193549,0.5725,,261.0,0.7387096774193549,0.4673469387755102,0.5725,2.0,,2.0,,,True,True,False,Benchmarki_Agnieszka.xlsx,"Sensitivity, Precision",new_tool,"yes, STAR-Fusion and TrinityFusion",261.0,no
OBS0054,1,doi.org/10.1186/s13059-019-1842-9,Dataset1.3,1.3,real,Real,,STAR-SEQR,STAR-SEQR,STAR-SEQR,v0.6.7.,429.0,301.0,730.0,490.0,0.8755102040816326,0.5876712328767123,0.7032786885245902,,61.0,0.5876712328767123,0.8755102040816326,0.7032786885245902,3.0,,3.0,,,True,True,False,Benchmarki_Agnieszka.xlsx,"Sensitivity, Precision",new_tool,"yes, STAR-Fusion and TrinityFusion",61.0,no
OBS0055,1,doi.org/10.1186/s13059-019-1842-9,Dataset1.3,1.3,real,Real,,STAR-Fusion,STAR-Fusion,STAR-Fusion,v1.5,411.0,109.0,520.0,490.0,0.8387755102040816,0.7903846153846154,0.8138613861386138,,79.0,0.7903846153846154,0.8387755102040816,0.8138613861386138,4.0,,4.0,,,True,True,False,Benchmarki_Agnieszka.xlsx,"Sensitivity, Precision",new_tool,"yes, STAR-Fusion and TrinityFusion",79.0,no
OBS0056,1,doi.org/10.1186/s13059-019-1842-9,Dataset1.3,1.3,real,Real,,FusionCatcher,FusionCatcher,FusionCatcher,V0994e,,,0.0,490.0,0.0,,,,,,,,4.0,,4.0,,,False,False,False,Benchmarki_Agnieszka.xlsx,"Sensitivity, Precision",new_tool,"yes, STAR-Fusion and TrinityFusion",,no
OBS0057,1,doi.org/10.1186/s13059-019-1842-9,Dataset1.3,1.3,real,Real,,FusionCatcher,FusionCatcher,FusionCatcher,v1.10,325.0,327.0,652.0,490.0,0.6632653061224489,0.4984662576687116,0.5691768826619965,,165.0,0.4984662576687116,0.6632653061224489,0.5691768826619965,4.0,,4.0,,,True,True,False,Benchmarki_Agnieszka.xlsx,"Sensitivity, Precision",new_tool,"yes, STAR-Fusion and TrinityFusion",165.0,no
OBS0058,1,doi.org/10.1186/s13059-019-1842-9,Dataset1.3,1.3,real,Real,,EricScript,EricScript,EricScript,0.5.3,157.0,1471.0,1628.0,490.0,0.3204081632653061,0.0964373464373464,0.1482530689329556,,333.0,0.0964373464373464,0.3204081632653061,0.1482530689329556,10.0,,5.0,,,True,True,False,Benchmarki_Agnieszka.xlsx,"Sensitivity, Precision",new_tool,"yes, STAR-Fusion and TrinityFusion",333.0,no
OBS0059,1,doi.org/10.1186/s13059-019-1842-9,Dataset1.3,1.3,real,Real,,nFuse,nFuse,nFuse,0.2.1,226.0,1328.0,1554.0,490.0,0.4612244897959183,0.1454311454311454,0.2211350293542074,,264.0,0.1454311454311454,0.4612244897959183,0.2211350293542074,10.0,,5.0,,,True,True,False,Benchmarki_Agnieszka.xlsx,"Sensitivity, Precision",new_tool,"yes, STAR-Fusion and TrinityFusion",264.0,no
OBS0060,1,doi.org/10.1186/s13059-019-1842-9,Dataset1.3,1.3,real,Real,,FusionHunter,FusionHunter,FusionHunter,v1.4,97.0,58.0,155.0,490.0,0.1979591836734693,0.6258064516129033,0.3007751937984496,,393.0,0.6258064516129033,0.1979591836734693,0.3007751937984496,11.0,,6.0,,,True,True,False,Benchmarki_Agnieszka.xlsx,"Sensitivity, Precision",new_tool,"yes, STAR-Fusion and TrinityFusion",393.0,no
OBS0061,1,doi.org/10.1186/s13059-019-1842-9,Dataset1.3,1.3,real,Real,,PRADA,PRADA,PRADA,v1.2,188.0,21.0,209.0,490.0,0.3836734693877551,0.8995215311004785,0.5379113018597997,,302.0,0.8995215311004785,0.3836734693877551,0.5379113018597997,15.0,,7.0,,,True,True,False,Benchmarki_Agnieszka.xlsx,"Sensitivity, Precision",new_tool,"yes, STAR-Fusion and TrinityFusion",302.0,no
OBS0062,1,doi.org/10.1186/s13059-019-1842-9,Dataset1.3,1.3,real,Real,,JAFFA-Direct,JAFFA-Direct,JAFFA,v1.06,375.0,711.0,1086.0,490.0,0.7653061224489796,0.3453038674033149,0.4758883248730964,,115.0,0.3453038674033149,0.7653061224489796,0.4758883248730964,15.0,,7.0,,,True,True,False,Benchmarki_Agnieszka.xlsx,"Sensitivity, Precision",new_tool,"yes, STAR-Fusion and TrinityFusion",115.0,no
OBS0063,1,doi.org/10.1186/s13059-019-1842-9,Dataset1.3,1.3,real,Real,,deFuse,deFuse,deFuse,0.6.1,196.0,911.0,1107.0,490.0,0.4,0.1770551038843721,0.245460237946149,,294.0,0.1770551038843721,0.4,0.245460237946149,20.0,,8.0,,,True,True,False,Benchmarki_Agnieszka.xlsx,"Sensitivity, Precision",new_tool,"yes, STAR-Fusion and TrinityFusion",294.0,no
OBS0064,1,doi.org/10.1186/s13059-019-1842-9,Dataset1.3,1.3,real,Real,,ChimPipe,ChimPipe,ChimPipe,0.9.5,270.0,8.0,278.0,490.0,0.5510204081632653,0.9712230215827338,0.703125,,220.0,0.9712230215827338,0.5510204081632653,0.703125,25.0,,9.0,,,True,True,False,Benchmarki_Agnieszka.xlsx,"Sensitivity, Precision",new_tool,"yes, STAR-Fusion and TrinityFusion",220.0,no
OBS0065,1,doi.org/10.1186/s13059-019-1842-9,Dataset1.3,1.3,real,Real,,SOAPfuse,SOAPfuse,SOAPfuse,v1.26,246.0,56.0,302.0,490.0,0.5020408163265306,0.8145695364238411,0.6212121212121212,,244.0,0.8145695364238411,0.5020408163265306,0.6212121212121212,25.0,,9.0,,,True,True,False,Benchmarki_Agnieszka.xlsx,"Sensitivity, Precision",new_tool,"yes, STAR-Fusion and TrinityFusion",244.0,no
OBS0066,1,doi.org/10.1186/s13059-019-1842-9,Dataset1.3,1.3,real,Real,,TopHat-Fusion,TopHat-Fusion,TopHat-Fusion,2.0.10,319.0,390.0,709.0,490.0,0.6510204081632653,0.4499294781382228,0.5321100917431193,,171.0,0.4499294781382228,0.6510204081632653,0.5321100917431193,25.0,,9.0,,,True,True,False,Benchmarki_Agnieszka.xlsx,"Sensitivity, Precision",new_tool,"yes, STAR-Fusion and TrinityFusion",171.0,no
OBS0067,1,doi.org/10.1186/s13059-019-1842-9,Dataset1.3,1.3,real,Real,,ChimeraScan,ChimeraScan,ChimeraScan,0.4.5,145.0,435.0,580.0,490.0,0.2959183673469387,0.25,0.2710280373831775,,345.0,0.25,0.2959183673469387,0.2710280373831775,30.0,,10.0,,,True,True,False,Benchmarki_Agnieszka.xlsx,"Sensitivity, Precision",new_tool,"yes, STAR-Fusion and TrinityFusion",345.0,no
OBS0068,1,doi.org/10.1186/s13059-019-1842-9,Dataset1.3,1.3,real,Real,,MapSplice,MapSplice,MapSplice,v2.2.0,315.0,283.0,598.0,490.0,0.6428571428571429,0.5267558528428093,0.5790441176470589,,175.0,0.5267558528428093,0.6428571428571429,0.5790441176470589,30.0,,10.0,,,True,True,False,Benchmarki_Agnieszka.xlsx,"Sensitivity, Precision",new_tool,"yes, STAR-Fusion and TrinityFusion",175.0,no
OBS0069,1,doi.org/10.1186/s13059-019-1842-9,Dataset1.3,1.3,real,Real,,JAFFA-Assembly,JAFFA-Assembly,JAFFA,v1.06,273.0,296.0,569.0,490.0,0.5571428571428572,0.4797891036906854,0.5155807365439093,,217.0,0.4797891036906854,0.5571428571428572,0.5155807365439093,30.0,,10.0,,,True,True,False,Benchmarki_Agnieszka.xlsx,"Sensitivity, Precision",new_tool,"yes, STAR-Fusion and TrinityFusion",217.0,no
OBS0070,1,doi.org/10.1186/s13059-019-1842-9,Dataset1.3,1.3,real,Real,,TrinityFusion-C,TrinityFusion-C,TrinityFusion,v0.2.0,274.0,16.0,290.0,490.0,0.5591836734693878,0.9448275862068966,0.7025641025641026,,216.0,0.9448275862068966,0.5591836734693878,0.7025641025641026,45.0,,11.0,,,True,True,False,Benchmarki_Agnieszka.xlsx,"Sensitivity, Precision",new_tool,"yes, STAR-Fusion and TrinityFusion",216.0,no
OBS0071,1,doi.org/10.1186/s13059-019-1842-9,Dataset1.3,1.3,real,Real,,InFusion,InFusion,InFusion,,318.0,334.0,652.0,490.0,0.6489795918367347,0.4877300613496932,0.5569176882661996,,172.0,0.4877300613496932,0.6489795918367347,0.5569176882661996,60.0,,12.0,,,True,True,False,Benchmarki_Agnieszka.xlsx,"Sensitivity, Precision",new_tool,"yes, STAR-Fusion and TrinityFusion",172.0,no
OBS0072,1,doi.org/10.1186/s13059-019-1842-9,Dataset1.3,1.3,real,Real,,JAFFA-Hybrid,JAFFA-Hybrid,JAFFA,v1.06,291.0,1185.0,1476.0,490.0,0.5938775510204082,0.1971544715447154,0.2960325534079349,,199.0,0.1971544715447154,0.5938775510204082,0.2960325534079349,65.0,,13.0,,,True,True,False,Benchmarki_Agnieszka.xlsx,"Sensitivity, Precision",new_tool,"yes, STAR-Fusion and TrinityFusion",199.0,no
OBS0073,1,doi.org/10.1186/s13059-019-1842-9,Dataset1.3,1.3,real,Real,,TrinityFusion-D,TrinityFusion-D,TrinityFusion,v0.2.0,216.0,24.0,240.0,490.0,0.4408163265306122,0.9,0.5917808219178082,,274.0,0.9,0.4408163265306122,0.5917808219178082,70.0,,14.0,,,True,True,False,Benchmarki_Agnieszka.xlsx,"Sensitivity, Precision",new_tool,"yes, STAR-Fusion and TrinityFusion",274.0,no
OBS0074,1,doi.org/10.1186/s13059-019-1842-9,Dataset1.3,1.3,real,Real,,TrinityFusion-UC,TrinityFusion-UC,TrinityFusion,v0.2.0,262.0,34.0,296.0,490.0,0.5346938775510204,0.8851351351351351,0.6666666666666666,,228.0,0.8851351351351351,0.5346938775510204,0.6666666666666666,70.0,,14.0,,,True,True,False,Benchmarki_Agnieszka.xlsx,"Sensitivity, Precision",new_tool,"yes, STAR-Fusion and TrinityFusion",228.0,no
OBS0075,1,doi.org/10.1186/s13059-019-1842-9,Dataset1.3,1.3,real,Real,,FusionInspector,FusionInspector,FusionInspector,,,,0.0,490.0,0.0,,,,,,,,,,,,,False,False,False,Benchmarki_Agnieszka.xlsx,"Sensitivity, Precision",new_tool,"yes, STAR-Fusion and TrinityFusion",,no
OBS0076,2,https://www.ncbi.nlm.nih.gov/pmc/articles/PMC7919457/,Dataset2.1,2.1,simulated,Simulated,,Arriba,Arriba,Arriba,v1.00,90.0,7.0,97.0,150.0,0.6,0.9278350515463918,0.7287449392712552,,60.0,0.9278350515463918,0.6,0.7287449392712552,1.0,38.0,1.0,75.0,40000000.0,True,True,False,Benchmarki_Agnieszka.xlsx,"Sensitivity, Precision",new_tool,"yes, Arriba",60.0,no
OBS0077,2,https://www.ncbi.nlm.nih.gov/pmc/articles/PMC7919457/,Dataset2.1,2.1,simulated,Simulated,,STAR-Fusion,STAR-Fusion,STAR-Fusion,v1.4.0,52.0,13.0,65.0,150.0,0.3466666666666667,0.8,0.4837209302325582,,98.0,0.8,0.3466666666666667,0.4837209302325582,2.0,38.0,2.0,75.0,40000000.0,True,True,False,Benchmarki_Agnieszka.xlsx,"Sensitivity, Precision",new_tool,"yes, Arriba",98.0,no
OBS0078,2,https://www.ncbi.nlm.nih.gov/pmc/articles/PMC7919457/,Dataset2.1,2.1,simulated,Simulated,,FusionCatcher,FusionCatcher,FusionCatcher,v1.00,,,,150.0,,,,,,,,,6.0,10.0,3.0,75.0,40000000.0,False,False,False,Benchmarki_Agnieszka.xlsx,"Sensitivity, Precision",new_tool,"yes, Arriba",,no
OBS0079,2,https://www.ncbi.nlm.nih.gov/pmc/articles/PMC7919457/,Dataset2.1,2.1,simulated,Simulated,,deFuse,deFuse,deFuse,v0.8.1,,,,150.0,,,,,,,,,8.0,5.0,4.0,75.0,40000000.0,False,False,False,Benchmarki_Agnieszka.xlsx,"Sensitivity, Precision",new_tool,"yes, Arriba",,no
OBS0080,2,https://www.ncbi.nlm.nih.gov/pmc/articles/PMC7919457/,Dataset2.1,2.1,simulated,Simulated,,InFusion,InFusion,InFusion,v0.8,20.0,17.0,37.0,150.0,0.1333333333333333,0.5405405405405406,0.213903743315508,,130.0,0.5405405405405406,0.1333333333333333,0.213903743315508,14.0,5.0,5.0,75.0,40000000.0,True,True,False,Benchmarki_Agnieszka.xlsx,"Sensitivity, Precision",new_tool,"yes, Arriba",130.0,no
OBS0081,2,https://www.ncbi.nlm.nih.gov/pmc/articles/PMC7919457/,Dataset2.1,2.1,simulated,Simulated,,SOAPfuse,SOAPfuse,SOAPfuse,v1.27,56.0,12.0,68.0,150.0,0.3733333333333333,0.8235294117647058,0.5137614678899083,,94.0,0.8235294117647058,0.3733333333333333,0.5137614678899083,17.0,7.0,6.0,75.0,40000000.0,True,True,False,Benchmarki_Agnieszka.xlsx,"Sensitivity, Precision",new_tool,"yes, Arriba",94.0,no
OBS0082,2,https://www.ncbi.nlm.nih.gov/pmc/articles/PMC7919457/,Dataset2.1,2.1,simulated,Simulated,,PRADA,PRADA,PRADA,v1.2,,,,150.0,,,,,,,,,27.0,7.0,7.0,75.0,40000000.0,False,False,False,Benchmarki_Agnieszka.xlsx,"Sensitivity, Precision",new_tool,"yes, Arriba",,no
OBS0097,2,https://www.ncbi.nlm.nih.gov/pmc/articles/PMC7919457/,Dataset2.4,2.4,real,Real,,Arriba,Arriba,Arriba,v1.00,55.0,,,56.0,0.9821428571428572,,,,1.0,,0.9821428571428572,,,,,,,False,False,False,Benchmarki_Agnieszka.xlsx,"Sensitivity, Precision",new_tool,"yes, Arriba",1.0,no
OBS0098,2,https://www.ncbi.nlm.nih.gov/pmc/articles/PMC7919457/,Dataset2.4,2.4,real,Real,,FusionCatcher,FusionCatcher,FusionCatcher,v1.00,54.0,,,56.0,0.9642857142857144,,,,2.0,,0.9642857142857144,,,,,,,False,False,False,Benchmarki_Agnieszka.xlsx,"Sensitivity, Precision",new_tool,"yes, Arriba",2.0,no
OBS0099,2,https://www.ncbi.nlm.nih.gov/pmc/articles/PMC7919457/,Dataset2.4,2.4,real,Real,,InFusion,InFusion,InFusion,v0.8,49.0,,,56.0,0.875,,,,7.0,,0.875,,,,,,,False,False,False,Benchmarki_Agnieszka.xlsx,"Sensitivity, Precision",new_tool,"yes, Arriba",7.0,no
OBS0100,2,https://www.ncbi.nlm.nih.gov/pmc/articles/PMC7919457/,Dataset2.4,2.4,real,Real,,PRADA,PRADA,PRADA,v1.2,49.0,,,56.0,0.875,,,,7.0,,0.875,,,,,,,False,False,False,Benchmarki_Agnieszka.xlsx,"Sensitivity, Precision",new_tool,"yes, Arriba",7.0,no
OBS0101,2,https://www.ncbi.nlm.nih.gov/pmc/articles/PMC7919457/,Dataset2.4,2.4,real,Real,,SOAPfuse,SOAPfuse,SOAPfuse,v1.27,51.0,,,56.0,0.9107142857142856,,,,5.0,,0.9107142857142856,,,,,,,False,False,False,Benchmarki_Agnieszka.xlsx,"Sensitivity, Precision",new_tool,"yes, Arriba",5.0,no
OBS0102,2,https://www.ncbi.nlm.nih.gov/pmc/articles/PMC7919457/,Dataset2.4,2.4,real,Real,,STAR-Fusion,STAR-Fusion,STAR-Fusion,v1.4.0,49.0,,,56.0,0.875,,,,7.0,,0.875,,,,,,,False,False,False,Benchmarki_Agnieszka.xlsx,"Sensitivity, Precision",new_tool,"yes, Arriba",7.0,no
OBS0103,2,https://www.ncbi.nlm.nih.gov/pmc/articles/PMC7919457/,Dataset2.4,2.4,real,Real,,deFuse,deFuse,deFuse,v0.8.1,48.0,,,56.0,0.8571428571428571,,,,8.0,,0.8571428571428571,,,,,,,False,False,False,Benchmarki_Agnieszka.xlsx,"Sensitivity, Precision",new_tool,"yes, Arriba",8.0,no
OBS0104,2,https://www.ncbi.nlm.nih.gov/pmc/articles/PMC7919457/,Dataset2.5,2.5,real,Real,,Arriba,Arriba,Arriba,v1.00,9.0,,,9.0,1.0,,,,0.0,,1.0,,,,,,,False,False,False,Benchmarki_Agnieszka.xlsx,"Sensitivity, Precision",new_tool,"yes, Arriba",0.0,no
OBS0105,2,https://www.ncbi.nlm.nih.gov/pmc/articles/PMC7919457/,Dataset2.5,2.5,real,Real,,FusionCatcher,FusionCatcher,FusionCatcher,v1.00,3.0,,,9.0,0.3333333333333333,,,,6.0,,0.3333333333333333,,,,,,,False,False,False,Benchmarki_Agnieszka.xlsx,"Sensitivity, Precision",new_tool,"yes, Arriba",6.0,no
OBS0106,2,https://www.ncbi.nlm.nih.gov/pmc/articles/PMC7919457/,Dataset2.5,2.5,real,Real,,InFusion,InFusion,InFusion,v0.8,5.0,,,9.0,0.5555555555555556,,,,4.0,,0.5555555555555556,,,,,,,False,False,False,Benchmarki_Agnieszka.xlsx,"Sensitivity, Precision",new_tool,"yes, Arriba",4.0,no
OBS0107,2,https://www.ncbi.nlm.nih.gov/pmc/articles/PMC7919457/,Dataset2.5,2.5,real,Real,,PRADA,PRADA,PRADA,v1.2,0.0,,,9.0,0.0,,,,9.0,,0.0,,,,,,,False,False,False,Benchmarki_Agnieszka.xlsx,"Sensitivity, Precision",new_tool,"yes, Arriba",9.0,no
OBS0108,2,https://www.ncbi.nlm.nih.gov/pmc/articles/PMC7919457/,Dataset2.5,2.5,real,Real,,SOAPfuse,SOAPfuse,SOAPfuse,v1.27,0.0,,,9.0,0.0,,,,9.0,,0.0,,,,,,,False,False,False,Benchmarki_Agnieszka.xlsx,"Sensitivity, Precision",new_tool,"yes, Arriba",9.0,no
OBS0109,2,https://www.ncbi.nlm.nih.gov/pmc/articles/PMC7919457/,Dataset2.5,2.5,real,Real,,STAR-Fusion,STAR-Fusion,STAR-Fusion,v1.4.0,4.0,,,9.0,0.4444444444444444,,,,5.0,,0.4444444444444444,,,,,,,False,False,False,Benchmarki_Agnieszka.xlsx,"Sensitivity, Precision",new_tool,"yes, Arriba",5.0,no
OBS0110,2,https://www.ncbi.nlm.nih.gov/pmc/articles/PMC7919457/,Dataset2.5,2.5,real,Real,,deFuse,deFuse,deFuse,v0.8.1,2.0,,,9.0,0.2222222222222222,,,,7.0,,0.2222222222222222,,,,,,,False,False,False,Benchmarki_Agnieszka.xlsx,"Sensitivity, Precision",new_tool,"yes, Arriba",7.0,no
OBS0111,3,doi: 10.1038/srep21597,Dataset3.1B,3.1B,real,Real,run 1,FusionMap,FusionMap,FusionMap,2015-03-31 version,0.0,,,44.0,0.0,,,,44.0,,0.0,,0.7166666666666667,11.92926,1.0,100.0,60000000.0,False,False,False,Benchmarki_Agnieszka.xlsx,"Sensitivity, Precision",independent_comparison,no,44.0,no
OBS0112,3,doi: 10.1038/srep21597,Dataset3.1B,3.1B,real,Real,,EricScript,EricScript,EricScript,0.5.1,26.0,,,44.0,0.5909090909090909,,,,18.0,,0.5909090909090909,,4.2,5.253128,2.0,100.0,60000000.0,False,False,False,Benchmarki_Agnieszka.xlsx,"Sensitivity, Precision",independent_comparison,no,18.0,no
OBS0113,3,doi: 10.1038/srep21597,Dataset3.1B,3.1B,real,Real,,FusionCatcher,FusionCatcher,FusionCatcher,v0.99.4c,3.0,,,44.0,0.0681818181818181,,,,41.0,,0.0681818181818181,,6.05,19.33538,3.0,100.0,60000000.0,False,False,False,Benchmarki_Agnieszka.xlsx,"Sensitivity, Precision",independent_comparison,no,41.0,no
OBS0114,3,doi: 10.1038/srep21597,Dataset3.1B,3.1B,real,Real,,Chimerascan,ChimeraScan,ChimeraScan,0.4.5,31.0,,,44.0,0.7045454545454546,,,,13.0,,0.7045454545454546,,9.5,3.713236,4.0,100.0,60000000.0,False,False,False,Benchmarki_Agnieszka.xlsx,"Sensitivity, Precision",independent_comparison,no,13.0,no
OBS0115,3,doi: 10.1038/srep21597,Dataset3.1B,3.1B,real,Real,,FusionHunter,FusionHunter,FusionHunter,v1.4,9.0,,,44.0,0.2045454545454545,,,,35.0,,0.2045454545454545,,12.116666666666667,4.520588,5.0,100.0,60000000.0,False,False,False,Benchmarki_Agnieszka.xlsx,"Sensitivity, Precision",independent_comparison,no,35.0,no
OBS0116,3,doi: 10.1038/srep21597,Dataset3.1B,3.1B,real,Real,,nFuse,nFuse,nFuse,0.2.1.,0.0,,,44.0,0.0,,,,44.0,,0.0,,12.7,6.740468,6.0,100.0,60000000.0,False,False,False,Benchmarki_Agnieszka.xlsx,"Sensitivity, Precision",independent_comparison,no,44.0,no
OBS0117,3,doi: 10.1038/srep21597,Dataset3.1B,3.1B,real,Real,,SOAPfuse,SOAPfuse,SOAPfuse,v1.26,0.0,,,44.0,0.0,,,,44.0,,0.0,,15.683333333333334,15.854344,7.0,100.0,60000000.0,False,False,False,Benchmarki_Agnieszka.xlsx,"Sensitivity, Precision",independent_comparison,no,44.0,no
OBS0118,3,doi: 10.1038/srep21597,Dataset3.1B,3.1B,real,Real,,TopHat-Fusion,TopHat-Fusion,TopHat-Fusion,2.1.0.,0.0,,,44.0,0.0,,,,44.0,,0.0,,32.36666666666667,4.031104,8.0,100.0,60000000.0,False,False,False,Benchmarki_Agnieszka.xlsx,"Sensitivity, Precision",independent_comparison,no,44.0,no
OBS0119,3,doi: 10.1038/srep21597,Dataset3.1B,3.1B,real,Real,,BreakFusion,BreakFusion,BreakFusion,,5.0,,,44.0,0.1136363636363636,,,,39.0,,0.1136363636363636,,38.96666666666667,9.973464,9.0,100.0,60000000.0,False,False,False,Benchmarki_Agnieszka.xlsx,"Sensitivity, Precision",independent_comparison,no,39.0,no
OBS0120,3,doi: 10.1038/srep21597,Dataset3.1B,3.1B,real,Real,,MapSplice,MapSplice,MapSplice,v2.1.9,0.0,,,44.0,0.0,,,,44.0,,0.0,,43.733333333333334,5.497104,10.0,100.0,60000000.0,False,False,False,Benchmarki_Agnieszka.xlsx,"Sensitivity, Precision",independent_comparison,no,44.0,no
OBS0121,3,doi: 10.1038/srep21597,Dataset3.1B,3.1B,real,Real,,JAFFA,JAFFA,JAFFA,1.06,1.0,,,44.0,0.0227272727272727,,,,43.0,,0.0227272727272727,,66.26666666666667,44.342636,11.0,100.0,60000000.0,False,False,False,Benchmarki_Agnieszka.xlsx,"Sensitivity, Precision",independent_comparison,no,43.0,no
OBS0122,3,doi: 10.1038/srep21597,Dataset3.1B,3.1B,real,Real,,Bellerophontes,Bellerophontes,Bellerophontes,0.4.0.,0.0,,,44.0,0.0,,,,44.0,,0.0,,,,12.0,100.0,60000000.0,False,False,False,Benchmarki_Agnieszka.xlsx,"Sensitivity, Precision",independent_comparison,no,44.0,no
OBS0123,3,doi: 10.1038/srep21597,Dataset3.2,3.2,simulated,Simulated,,Chimerascan,ChimeraScan,ChimeraScan,0.4.5,4.0,,,50.0,0.08,,,,46.0,,0.08,,0.05,2.75,1.0,75.0,8500000.0,False,False,False,Benchmarki_Agnieszka.xlsx,"Sensitivity, Precision",independent_comparison,no,46.0,no
OBS0124,3,doi: 10.1038/srep21597,Dataset3.2,3.2,simulated,Simulated,,EricScript,EricScript,EricScript,0.5.1,39.0,,,50.0,0.78,,,,11.0,,0.78,,0.05,0.23,1.0,75.0,8500000.0,False,False,False,Benchmarki_Agnieszka.xlsx,"Sensitivity, Precision",independent_comparison,no,11.0,no
OBS0125,3,doi: 10.1038/srep21597,Dataset3.2,3.2,simulated,Simulated,,MapSplice,MapSplice,MapSplice,v2.1.9,43.0,,,50.0,0.86,,,,7.0,,0.86,,0.05,5.35,1.0,75.0,8500000.0,False,False,False,Benchmarki_Agnieszka.xlsx,"Sensitivity, Precision",independent_comparison,no,7.0,no
OBS0126,3,doi: 10.1038/srep21597,Dataset3.2,3.2,simulated,Simulated,,Bellerophontes,Bellerophontes,Bellerophontes,0.4.0.,33.0,,42.0,50.0,0.66,0.7857142857142857,0.717391304347826,,17.0,,0.66,0.717391304347826,0.1,9.25,2.0,75.0,8500000.0,True,True,False,Benchmarki_Agnieszka.xlsx,"Sensitivity, Precision",independent_comparison,no,17.0,no
OBS0127,3,doi: 10.1038/srep21597,Dataset3.2,3.2,simulated,Simulated,,JAFFA,JAFFA,JAFFA,1.06,44.0,,,50.0,0.88,,,,6.0,,0.88,,0.1166666666666666,4.3,3.0,75.0,8500000.0,False,False,False,Benchmarki_Agnieszka.xlsx,"Sensitivity, Precision",independent_comparison,no,6.0,no
OBS0128,3,doi: 10.1038/srep21597,Dataset3.2,3.2,simulated,Simulated,,FusionHunter,FusionHunter,FusionHunter,v1.4,18.0,,,50.0,0.36,,,,32.0,,0.36,,0.15,2.31,4.0,75.0,8500000.0,False,False,False,Benchmarki_Agnieszka.xlsx,"Sensitivity, Precision",independent_comparison,no,32.0,no
OBS0129,3,doi: 10.1038/srep21597,Dataset3.2,3.2,simulated,Simulated,,FusionCatcher,FusionCatcher,FusionCatcher,v0.99.4c,33.0,,,50.0,0.66,,,,17.0,,0.66,,0.1833333333333333,11.67,5.0,75.0,8500000.0,False,False,False,Benchmarki_Agnieszka.xlsx,"Sensitivity, Precision",independent_comparison,no,17.0,no
OBS0130,3,doi: 10.1038/srep21597,Dataset3.2,3.2,simulated,Simulated,,TopHat-Fusion,TopHat-Fusion,TopHat-Fusion,2.1.0.,26.0,,,50.0,0.52,,,,24.0,,0.52,,0.25,2.32,6.0,75.0,8500000.0,False,False,False,Benchmarki_Agnieszka.xlsx,"Sensitivity, Precision",independent_comparison,no,24.0,no
OBS0131,3,doi: 10.1038/srep21597,Dataset3.2,3.2,simulated,Simulated,,FusionMap,FusionMap,FusionMap,2015-03-31 version,28.0,,,50.0,0.56,,,,22.0,,0.56,,0.3166666666666666,11.84,7.0,75.0,8500000.0,False,False,False,Benchmarki_Agnieszka.xlsx,"Sensitivity, Precision",independent_comparison,no,22.0,no
OBS0132,3,doi: 10.1038/srep21597,Dataset3.2,3.2,simulated,Simulated,,nFuse,nFuse,nFuse,0.2.1.,15.0,,,50.0,0.3,,,,35.0,,0.3,,0.7666666666666667,12.59,8.0,75.0,8500000.0,False,False,False,Benchmarki_Agnieszka.xlsx,"Sensitivity, Precision",independent_comparison,no,35.0,no
OBS0133,3,doi: 10.1038/srep21597,Dataset3.2,3.2,simulated,Simulated,,SOAPfuse,SOAPfuse,SOAPfuse,v1.26,41.0,,,50.0,0.82,,,,9.0,,0.82,,0.8666666666666667,7.61,9.0,75.0,8500000.0,False,False,False,Benchmarki_Agnieszka.xlsx,"Sensitivity, Precision",independent_comparison,no,9.0,no
OBS0134,3,doi: 10.1038/srep21597,Dataset3.2,3.2,simulated,Simulated,,BreakFusion,BreakFusion,BreakFusion,,2.0,,,50.0,0.04,,,,48.0,,0.04,,,,,75.0,8500000.0,False,False,False,Benchmarki_Agnieszka.xlsx,"Sensitivity, Precision",independent_comparison,no,48.0,no
OBS0135,4,https://doi.org/10.3389/fgene.2021.739054,Dataset4.1,4.1,real,Real,run 7,STAR-Fusion,STAR-Fusion,STAR-Fusion,,,,,,0.69,,,,,,,,0.4166666666666667,,1.0,,,False,False,False,Benchmarki_Agnieszka.xlsx,"Sensitivity, Precision",new_tool,"yes, SeekFusion",,no
OBS0136,4,https://doi.org/10.3389/fgene.2021.739054,Dataset4.1,4.1,real,Real,,SeekFusion,SeekFusion,SeekFusion,,,,,,0.89,,,,,,,,0.5833333333333334,,2.0,,,False,False,False,Benchmarki_Agnieszka.xlsx,"Sensitivity, Precision",new_tool,"yes, SeekFusion",,no
OBS0137,4,https://doi.org/10.3389/fgene.2021.739054,Dataset4.1,4.1,real,Real,,JAFFA-Hybrid,JAFFA-Hybrid,JAFFA,v1.09,,,,,0.65,,,,,,,,0.8333333333333334,,3.0,,,False,False,False,Benchmarki_Agnieszka.xlsx,"Sensitivity, Precision",new_tool,"yes, SeekFusion",,no
OBS0138,4,https://doi.org/10.3389/fgene.2021.739054,Dataset4.1,4.1,real,Real,,TopHat-Fusion,TopHat-Fusion,TopHat-Fusion,2.1.0.,,,,,0.01,,,,,,,,0.8333333333333334,,3.0,,,False,False,False,Benchmarki_Agnieszka.xlsx,"Sensitivity, Precision",new_tool,"yes, SeekFusion",,no
OBS0144,5,DOI:10.1038/s41598-017-07070-6,Dataset5.2,5.2,real,Real,,Gfusion,GFusion,GFusion,,6.0,28.0,34.0,,,0.1764705882352941,,,,0.1764705882352941,,,,,,76.0,14000000.0,False,False,False,Benchmarki_Agnieszka.xlsx,"Sensitivity, Precision",new_tool,"yes, GFusion",,no
OBS0145,5,DOI:10.1038/s41598-017-07070-6,Dataset5.2,5.2,real,Real,,TopHat-Fusion,TopHat-Fusion,TopHat-Fusion,,3.0,71.0,74.0,,,0.0405405405405405,,,,0.0405405405405405,,,,,,76.0,14000000.0,False,False,False,Benchmarki_Agnieszka.xlsx,"Sensitivity, Precision",new_tool,"yes, GFusion",,no
OBS0146,5,DOI:10.1038/s41598-017-07070-6,Dataset5.2,5.2,real,Real,,FusionMap,FusionMap,FusionMap,,5.0,221.0,226.0,,,0.0221238938053097,,,,0.0221238938053097,,,,,,76.0,14000000.0,False,False,False,Benchmarki_Agnieszka.xlsx,"Sensitivity, Precision",new_tool,"yes, GFusion",,no
OBS0147,5,DOI:10.1038/s41598-017-07070-6,Dataset5.2,5.2,real,Real,,JAFFA,JAFFA,JAFFA,,,,,,,,,,,,,,,,,76.0,14000000.0,False,False,False,Benchmarki_Agnieszka.xlsx,"Sensitivity, Precision",new_tool,"yes, GFusion",,no
OBS0148,5,DOI:10.1038/s41598-017-07070-6,Dataset5.2,5.2,real,Real,,ChimPipe,ChimPipe,ChimPipe,,,,,,,,,,,,,,,,,76.0,14000000.0,False,False,False,Benchmarki_Agnieszka.xlsx,"Sensitivity, Precision",new_tool,"yes, GFusion",,no
OBS0149,5,DOI:10.1038/s41598-017-07070-6,Dataset5.3,5.3,simulated,Simulated,,Gfusion,GFusion,GFusion,,37.0,7.0,44.0,42.0,0.8809523809523809,0.8409090909090909,0.8604651162790699,,5.0,0.8409090909090909,0.8809523809523809,0.8604651162790699,,,,76.0,24000000.0,True,True,False,Benchmarki_Agnieszka.xlsx,"Sensitivity, Precision",new_tool,"yes, GFusion",5.0,no
OBS0150,5,DOI:10.1038/s41598-017-07070-6,Dataset5.3,5.3,simulated,Simulated,,TopHat-Fusion,TopHat-Fusion,TopHat-Fusion,,35.0,50.0,85.0,42.0,0.8333333333333334,0.4117647058823529,0.5511811023622047,,7.0,0.4117647058823529,0.8333333333333334,0.5511811023622047,,,,76.0,24000000.0,True,True,False,Benchmarki_Agnieszka.xlsx,"Sensitivity, Precision",new_tool,"yes, GFusion",7.0,no
OBS0151,5,DOI:10.1038/s41598-017-07070-6,Dataset5.3,5.3,simulated,Simulated,,FusionMap,FusionMap,FusionMap,,22.0,160.0,182.0,42.0,0.5238095238095238,0.1208791208791208,0.1964285714285714,,20.0,0.1208791208791208,0.5238095238095238,0.1964285714285714,,,,76.0,24000000.0,True,True,False,Benchmarki_Agnieszka.xlsx,"Sensitivity, Precision",new_tool,"yes, GFusion",20.0,no
OBS0152,5,DOI:10.1038/s41598-017-07070-6,Dataset5.3,5.3,simulated,Simulated,,JAFFA,JAFFA,JAFFA,,22.0,77.0,99.0,42.0,0.5238095238095238,0.2222222222222222,0.3120567375886524,,20.0,0.2222222222222222,0.5238095238095238,0.3120567375886524,,,,76.0,24000000.0,True,True,False,Benchmarki_Agnieszka.xlsx,"Sensitivity, Precision",new_tool,"yes, GFusion",20.0,no
OBS0153,5,DOI:10.1038/s41598-017-07070-6,Dataset5.3,5.3,simulated,Simulated,,ChimPipe,ChimPipe,ChimPipe,,9.0,13.0,22.0,42.0,0.2142857142857142,0.4090909090909091,0.28125,,33.0,0.4090909090909091,0.2142857142857142,0.28125,,,,76.0,24000000.0,True,True,False,Benchmarki_Agnieszka.xlsx,"Sensitivity, Precision",new_tool,"yes, GFusion",33.0,no
OBS0166,6,https://doi.org/10.1186/s12864-018-5156-1,Dataset6.3,6.3,real,Real,,FuSeq,FuSeq,FuSeq,,7.0,14.0,21.0,11.0,0.6363636363636364,0.3333333333333333,0.4374999999999999,,4.0,0.3333333333333333,0.6363636363636364,0.4374999999999999,,,,50.0,12000000.0,True,True,False,Benchmarki_Agnieszka.xlsx,"Sensitivity, Precision",new_tool,"yes, FuSeq",4.0,no
OBS0167,6,https://doi.org/10.1186/s12864-018-5156-1,Dataset6.3,6.3,real,Real,,FusionMap,FusionMap,FusionMap,,3.0,16.0,19.0,11.0,0.2727272727272727,0.1578947368421052,0.1999999999999999,,8.0,0.1578947368421052,0.2727272727272727,0.1999999999999999,,,,50.0,12000000.0,True,True,False,Benchmarki_Agnieszka.xlsx,"Sensitivity, Precision",new_tool,"yes, FuSeq",8.0,no
OBS0168,6,https://doi.org/10.1186/s12864-018-5156-1,Dataset6.3,6.3,real,Real,,TRUP,TRUP,TRUP,,0.0,0.0,0.0,11.0,0.0,,,,11.0,,0.0,,,,,50.0,12000000.0,False,False,False,Benchmarki_Agnieszka.xlsx,"Sensitivity, Precision",new_tool,"yes, FuSeq",11.0,no
OBS0169,6,https://doi.org/10.1186/s12864-018-5156-1,Dataset6.3,6.3,real,Real,,TopHat-Fusion,TopHat-Fusion,TopHat-Fusion,,4.0,25.0,29.0,11.0,0.3636363636363636,0.1379310344827586,0.2,,7.0,0.1379310344827586,0.3636363636363636,0.2,,,,50.0,12000000.0,True,True,False,Benchmarki_Agnieszka.xlsx,"Sensitivity, Precision",new_tool,"yes, FuSeq",7.0,no
OBS0170,6,https://doi.org/10.1186/s12864-018-5156-1,Dataset6.3,6.3,real,Real,,SOAPfuse,SOAPfuse,SOAPfuse,,10.0,98.0,108.0,11.0,0.9090909090909092,0.0925925925925925,0.1680672268907563,,1.0,0.0925925925925925,0.9090909090909092,0.1680672268907563,,,,50.0,12000000.0,True,True,False,Benchmarki_Agnieszka.xlsx,"Sensitivity, Precision",new_tool,"yes, FuSeq",1.0,no
OBS0171,6,https://doi.org/10.1186/s12864-018-5156-1,Dataset6.3,6.3,real,Real,,JAFFA,JAFFA,JAFFA,,2.0,2.0,4.0,11.0,0.1818181818181818,0.5,0.2666666666666666,,9.0,0.5,0.1818181818181818,0.2666666666666666,,,,50.0,12000000.0,True,True,False,Benchmarki_Agnieszka.xlsx,"Sensitivity, Precision",new_tool,"yes, FuSeq",9.0,no
OBS0172,6,https://doi.org/10.1186/s12864-018-5156-1,Dataset6.4,6.4,real,Real,run 8,FuSeq,FuSeq,FuSeq,,29.0,159.0,188.0,31.0,0.935483870967742,0.1542553191489361,0.2648401826484018,,2.0,0.1542553191489361,0.935483870967742,0.2648401826484018,,,,101.0,25000000.0,True,True,False,Benchmarki_Agnieszka.xlsx,"Sensitivity, Precision",new_tool,"yes, FuSeq",2.0,no
OBS0173,6,https://doi.org/10.1186/s12864-018-5156-1,Dataset6.4,6.4,real,Real,,FusionMap,FusionMap,FusionMap,,29.0,162.0,191.0,31.0,0.935483870967742,0.1518324607329843,0.2612612612612612,,2.0,0.1518324607329843,0.935483870967742,0.2612612612612612,,,,101.0,25000000.0,True,True,False,Benchmarki_Agnieszka.xlsx,"Sensitivity, Precision",new_tool,"yes, FuSeq",2.0,no
OBS0174,6,https://doi.org/10.1186/s12864-018-5156-1,Dataset6.4,6.4,real,Real,,TRUP,TRUP,TRUP,,20.0,189.0,209.0,31.0,0.6451612903225806,0.0956937799043062,0.1666666666666666,,11.0,0.0956937799043062,0.6451612903225806,0.1666666666666666,,,,101.0,25000000.0,True,True,False,Benchmarki_Agnieszka.xlsx,"Sensitivity, Precision",new_tool,"yes, FuSeq",11.0,no
OBS0175,6,https://doi.org/10.1186/s12864-018-5156-1,Dataset6.4,6.4,real,Real,,TopHat-Fusion,TopHat-Fusion,TopHat-Fusion,,29.0,279.0,308.0,31.0,0.935483870967742,0.0941558441558441,0.1710914454277286,,2.0,0.0941558441558441,0.935483870967742,0.1710914454277286,,,,101.0,25000000.0,True,True,False,Benchmarki_Agnieszka.xlsx,"Sensitivity, Precision",new_tool,"yes, FuSeq",2.0,no
OBS0176,6,https://doi.org/10.1186/s12864-018-5156-1,Dataset6.4,6.4,real,Real,,SOAPfuse,SOAPfuse,SOAPfuse,,22.0,277.0,299.0,31.0,0.7096774193548387,0.0735785953177257,0.1333333333333333,,9.0,0.0735785953177257,0.7096774193548387,0.1333333333333333,,,,101.0,25000000.0,True,True,False,Benchmarki_Agnieszka.xlsx,"Sensitivity, Precision",new_tool,"yes, FuSeq",9.0,no
OBS0177,6,https://doi.org/10.1186/s12864-018-5156-1,Dataset6.4,6.4,real,Real,,JAFFA,JAFFA,JAFFA,,30.0,874.0,904.0,31.0,0.967741935483871,0.0331858407079646,0.0641711229946524,,1.0,0.0331858407079646,0.967741935483871,0.0641711229946524,,,,101.0,25000000.0,True,True,False,Benchmarki_Agnieszka.xlsx,"Sensitivity, Precision",new_tool,"yes, FuSeq",1.0,no
OBS0178,7,https://doi.org/10.1080/15476286.2021.1940047,Dataset7.1,7.1,simulated,Simulated,,Arriba,Arriba,Arriba,,67.03999999999999,39.37269841269841,106.4126984126984,80.0,0.838,0.63,0.7192643051771117,,12.960000000000008,0.63,0.8379999999999999,0.7192643051771117,,,,75.0,307920.0,True,True,False,Benchmarki_Agnieszka.xlsx,"Sensitivity, Precision",independent_comparison,no,12.960000000000008,no
OBS0179,7,https://doi.org/10.1080/15476286.2021.1940047,Dataset7.1,7.1,simulated,Simulated,,FuSeq,FuSeq,FuSeq,,,,,80.0,,,,,,,,,,,,75.0,307920.0,False,False,False,Benchmarki_Agnieszka.xlsx,"Sensitivity, Precision",independent_comparison,no,,no
OBS0180,7,https://doi.org/10.1080/15476286.2021.1940047,Dataset7.1,7.1,simulated,Simulated,,InFusion,InFusion,InFusion,,55.279999999999994,6.142222222222223,61.42222222222222,80.0,0.691,0.9,0.7817724701445632,,24.72000000000001,0.9,0.691,0.7817724701445632,,,,75.0,307920.0,True,True,False,Benchmarki_Agnieszka.xlsx,"Sensitivity, Precision",independent_comparison,no,24.720000000000006,no
OBS0181,7,https://doi.org/10.1080/15476286.2021.1940047,Dataset7.1,7.1,simulated,Simulated,,pizzly,Pizzly,Pizzly,,43.52,5.934545454545457,49.45454545454546,80.0,0.544,0.88,0.6723595505617979,,36.48,0.88,0.544,0.6723595505617979,,,,75.0,307920.0,True,True,False,Benchmarki_Agnieszka.xlsx,"Sensitivity, Precision",independent_comparison,no,36.48,no
OBS0182,7,https://doi.org/10.1080/15476286.2021.1940047,Dataset7.1,7.1,simulated,Simulated,,STAR-Fusion,STAR-Fusion,STAR-Fusion,,63.52,10.34046511627907,73.86046511627907,80.0,0.794,0.86,0.825683192261185,,16.479999999999997,0.86,0.794,0.825683192261185,,,,75.0,307920.0,True,True,False,Benchmarki_Agnieszka.xlsx,"Sensitivity, Precision",independent_comparison,no,16.479999999999997,no
OBS0183,7,https://doi.org/10.1080/15476286.2021.1940047,Dataset7.1,7.1,simulated,Simulated,,STARChip,STARChip,STARChip,,21.200000000000003,60.338461538461544,81.53846153846155,80.0,0.265,0.26,0.2624761904761905,,58.8,0.26,0.265,0.2624761904761905,,,,75.0,307920.0,True,True,False,Benchmarki_Agnieszka.xlsx,"Sensitivity, Precision",independent_comparison,no,58.8,no
OBS0184,7,https://doi.org/10.1080/15476286.2021.1940047,Dataset7.1,7.1,simulated,Simulated,,EricScript,EricScript,EricScript,,49.44,8.048372093023254,57.48837209302325,80.0,0.618,0.86,0.7191880920162381,,30.56,0.86,0.618,0.7191880920162381,,,,75.0,307920.0,True,True,False,Benchmarki_Agnieszka.xlsx,"Sensitivity, Precision",independent_comparison,no,30.560000000000002,no
OBS0185,7,https://doi.org/10.1080/15476286.2021.1940047,Dataset7.1,7.1,simulated,Simulated,,FusionCatcher,FusionCatcher,FusionCatcher,,51.760000000000005,16.345263157894735,68.10526315789474,80.0,0.647,0.76,0.6989623312011373,,28.239999999999995,0.76,0.647,0.6989623312011373,,,,75.0,307920.0,True,True,False,Benchmarki_Agnieszka.xlsx,"Sensitivity, Precision",independent_comparison,no,28.239999999999995,no
OBS0186,7,https://doi.org/10.1080/15476286.2021.1940047,Dataset7.1,7.1,simulated,Simulated,,MapSplice,MapSplice,MapSplice,,30.56000000000001,3.395555555555557,33.95555555555556,80.0,0.382,0.9,0.5363494539781591,,49.44,0.9,0.382,0.5363494539781591,,,,75.0,307920.0,True,True,False,Benchmarki_Agnieszka.xlsx,"Sensitivity, Precision",independent_comparison,no,49.43999999999999,no
OBS0187,7,https://doi.org/10.1080/15476286.2021.1940047,Dataset7.1,7.1,simulated,Simulated,,ChimeraScan,ChimeraScan,ChimeraScan,,70.56,11.486511627906978,82.04651162790698,80.0,0.882,0.86,0.8708610792192881,,9.439999999999998,0.86,0.882,0.8708610792192881,,,,75.0,307920.0,True,True,False,Benchmarki_Agnieszka.xlsx,"Sensitivity, Precision",independent_comparison,no,9.439999999999998,no
OBS0188,7,https://doi.org/10.1080/15476286.2021.1940047,Dataset7.1,7.1,simulated,Simulated,,JAFFA,JAFFA,JAFFA,,44.720000000000006,8.518095238095242,53.23809523809525,80.0,0.559,0.84,0.6712794853466763,,35.279999999999994,0.84,0.559,0.6712794853466763,,,,75.0,307920.0,True,True,False,Benchmarki_Agnieszka.xlsx,"Sensitivity, Precision",independent_comparison,no,35.279999999999994,no
OBS0189,7,https://doi.org/10.1080/15476286.2021.1940047,Dataset7.1,7.1,simulated,Simulated,,ChimPipe,ChimPipe,ChimPipe,,28.24,4.597209302325584,32.83720930232558,80.0,0.353,0.86,0.5005441055234954,,51.760000000000005,0.8599999999999999,0.353,0.5005441055234955,,,,75.0,307920.0,True,True,False,Benchmarki_Agnieszka.xlsx,"Sensitivity, Precision",independent_comparison,no,51.760000000000005,no
OBS0190,7,https://doi.org/10.1080/15476286.2021.1940047,Dataset7.1,7.1,simulated,Simulated,,SOAPfuse,SOAPfuse,SOAPfuse,,58.8,10.376470588235293,69.17647058823529,80.0,0.735,0.85,0.7883280757097793,,21.200000000000003,0.85,0.735,0.7883280757097793,,,,75.0,307920.0,True,True,False,Benchmarki_Agnieszka.xlsx,"Sensitivity, Precision",independent_comparison,no,21.200000000000003,no
OBS0191,7,https://doi.org/10.1080/15476286.2021.1940047,Dataset7.1,7.1,simulated,Simulated,,TopHat-Fusion,TopHat-Fusion,TopHat-Fusion,,31.76,18.652698412698417,50.41269841269842,80.0,0.397,0.63,0.4870691333982472,,48.239999999999995,0.63,0.397,0.4870691333982472,,,,75.0,307920.0,True,True,False,Benchmarki_Agnieszka.xlsx,"Sensitivity, Precision",independent_comparison,no,48.239999999999995,no
OBS0192,7,https://doi.org/10.1080/15476286.2021.1940047,Dataset7.1,7.1,simulated,Simulated,,INTEGRATE,INTEGRATE,INTEGRATE,,61.2,10.799999999999995,72.0,80.0,0.765,0.85,0.8052631578947368,,18.799999999999997,0.8500000000000001,0.765,0.8052631578947369,,,,75.0,307920.0,True,True,False,Benchmarki_Agnieszka.xlsx,"Sensitivity, Precision",independent_comparison,no,18.799999999999997,no
OBS0193,7,https://doi.org/10.1080/15476286.2021.1940047,Dataset7.1,7.1,simulated,Simulated,,ChimeRScope,ChimeRScope,ChimeRScope,,22.319999999999997,32.11902439024391,54.4390243902439,80.0,0.2789999999999999,0.41,0.3320464441219158,,57.68000000000001,0.41,0.2789999999999999,0.3320464441219158,,,,75.0,307920.0,True,True,False,Benchmarki_Agnieszka.xlsx,"Sensitivity, Precision",independent_comparison,no,57.68000000000001,no
OBS0194,7,https://doi.org/10.1080/15476286.2021.1940047,Dataset7.2,7.2,simulated,Simulated,,pizzly,Pizzly,Pizzly,,196.0,72.49315068493149,268.4931506849315,250.0,0.784,0.73,0.7560369881109644,,54.0,0.7300000000000001,0.784,0.7560369881109643,0.0833333333333333,5.0,1.0,50.0,64000000.0,True,True,False,Benchmarki_Agnieszka.xlsx,"Sensitivity, Precision",independent_comparison,no,54.0,no
OBS0195,7,https://doi.org/10.1080/15476286.2021.1940047,Dataset7.2,7.2,simulated,Simulated,,FuSeq,FuSeq,FuSeq,,211.00000000000003,123.92063492063492,334.92063492063494,250.0,0.8440000000000001,0.63,0.7214654002713704,,38.99999999999997,0.63,0.8440000000000001,0.7214654002713704,0.5,8.0,2.0,50.0,64000000.0,True,True,False,Benchmarki_Agnieszka.xlsx,"Sensitivity, Precision",independent_comparison,no,38.99999999999997,no
OBS0196,7,https://doi.org/10.1080/15476286.2021.1940047,Dataset7.2,7.2,simulated,Simulated,,STARChip,STARChip,STARChip,,1.0,2.0303030303030303,3.0303030303030303,250.0,0.004,0.33,0.0079041916167664,,249.0,0.33,0.004,0.0079041916167664,0.5833333333333334,28.0,3.0,50.0,64000000.0,True,True,False,Benchmarki_Agnieszka.xlsx,"Sensitivity, Precision",independent_comparison,no,249.0,no
OBS0197,7,https://doi.org/10.1080/15476286.2021.1940047,Dataset7.2,7.2,simulated,Simulated,,Arriba,Arriba,Arriba,,233.0,65.71794871794873,298.71794871794873,250.0,0.932,0.78,0.8492523364485981,,17.0,0.7799999999999999,0.932,0.8492523364485981,1.0,30.0,4.0,50.0,64000000.0,True,True,False,Benchmarki_Agnieszka.xlsx,"Sensitivity, Precision",independent_comparison,no,17.0,no
OBS0198,7,https://doi.org/10.1080/15476286.2021.1940047,Dataset7.2,7.2,simulated,Simulated,,STAR-Fusion,STAR-Fusion,STAR-Fusion,,172.0,66.88888888888889,238.88888888888889,250.0,0.688,0.72,0.7036363636363636,,78.0,0.72,0.688,0.7036363636363636,1.3333333333333333,36.0,5.0,50.0,64000000.0,True,True,False,Benchmarki_Agnieszka.xlsx,"Sensitivity, Precision",independent_comparison,no,78.0,no
OBS0199,7,https://doi.org/10.1080/15476286.2021.1940047,Dataset7.2,7.2,simulated,Simulated,,EricScript,EricScript,EricScript,,158.0,257.7894736842105,415.7894736842105,250.0,0.632,0.38,0.4746245059288538,,92.0,0.38,0.632,0.4746245059288538,4.666666666666667,5.0,6.0,50.0,64000000.0,True,True,False,Benchmarki_Agnieszka.xlsx,"Sensitivity, Precision",independent_comparison,no,92.0,no
OBS0200,7,https://doi.org/10.1080/15476286.2021.1940047,Dataset7.2,7.2,simulated,Simulated,,SOAPfuse,SOAPfuse,SOAPfuse,,204.0,47.85185185185185,251.85185185185185,250.0,0.816,0.81,0.8129889298892989,,46.0,0.81,0.816,0.8129889298892989,5.333333333333333,6.0,7.0,50.0,64000000.0,True,True,False,Benchmarki_Agnieszka.xlsx,"Sensitivity, Precision",independent_comparison,no,46.0,no
OBS0201,7,https://doi.org/10.1080/15476286.2021.1940047,Dataset7.2,7.2,simulated,Simulated,,INTEGRATE,INTEGRATE,INTEGRATE,,143.00000000000003,33.543209876543216,176.54320987654324,250.0,0.5720000000000001,0.81,0.6705065123010131,,106.99999999999996,0.81,0.5720000000000001,0.6705065123010131,5.5,25.0,8.0,50.0,64000000.0,True,True,False,Benchmarki_Agnieszka.xlsx,"Sensitivity, Precision",independent_comparison,no,106.99999999999997,no
OBS0202,7,https://doi.org/10.1080/15476286.2021.1940047,Dataset7.2,7.2,simulated,Simulated,,InFusion,InFusion,InFusion,,166.0,41.5,207.5,250.0,0.664,0.8,0.7256830601092896,,84.0,0.8,0.664,0.7256830601092896,7.0,5.0,9.0,50.0,64000000.0,True,True,False,Benchmarki_Agnieszka.xlsx,"Sensitivity, Precision",independent_comparison,no,84.0,no
OBS0203,7,https://doi.org/10.1080/15476286.2021.1940047,Dataset7.2,7.2,simulated,Simulated,,JAFFA,JAFFA,JAFFA,,133.0,359.59259259259255,492.59259259259255,250.0,0.532,0.27,0.3582044887780549,,117.0,0.27,0.532,0.3582044887780549,7.666666666666667,40.0,10.0,50.0,64000000.0,True,True,False,Benchmarki_Agnieszka.xlsx,"Sensitivity, Precision",independent_comparison,no,117.0,no
OBS0204,7,https://doi.org/10.1080/15476286.2021.1940047,Dataset7.2,7.2,simulated,Simulated,,ChimeRScope,ChimeRScope,ChimeRScope,,55.99999999999999,743.9999999999998,799.9999999999998,250.0,0.2239999999999999,0.07,0.1066666666666666,,194.0,0.07,0.2239999999999999,0.1066666666666666,8.5,56.0,11.0,50.0,64000000.0,True,True,False,Benchmarki_Agnieszka.xlsx,"Sensitivity, Precision",independent_comparison,no,194.0,no
OBS0205,7,https://doi.org/10.1080/15476286.2021.1940047,Dataset7.2,7.2,simulated,Simulated,,MapSplice,MapSplice,MapSplice,,158.0,1.5959595959595845,159.59595959595958,250.0,0.632,0.99,0.7714919852034526,,92.0,0.99,0.632,0.7714919852034526,12.166666666666666,6.0,12.0,50.0,64000000.0,True,True,False,Benchmarki_Agnieszka.xlsx,"Sensitivity, Precision",independent_comparison,no,92.0,no
OBS0206,7,https://doi.org/10.1080/15476286.2021.1940047,Dataset7.2,7.2,simulated,Simulated,,TopHat-Fusion,TopHat-Fusion,TopHat-Fusion,,102.0,83.45454545454544,185.45454545454544,250.0,0.408,0.55,0.4684759916492693,,148.0,0.55,0.408,0.4684759916492693,24.333333333333332,16.0,13.0,50.0,64000000.0,True,True,False,Benchmarki_Agnieszka.xlsx,"Sensitivity, Precision",independent_comparison,no,148.0,no
OBS0207,7,https://doi.org/10.1080/15476286.2021.1940047,Dataset7.2,7.2,simulated,Simulated,,ChimPipe,ChimPipe,ChimPipe,,190.0,14.301075268817186,204.3010752688172,250.0,0.76,0.93,0.8364497041420119,,60.0,0.93,0.76,0.8364497041420119,24.666666666666668,8.0,14.0,50.0,64000000.0,True,True,False,Benchmarki_Agnieszka.xlsx,"Sensitivity, Precision",independent_comparison,no,60.0,no
OBS0208,7,https://doi.org/10.1080/15476286.2021.1940047,Dataset7.2,7.2,simulated,Simulated,,FusionCatcher,FusionCatcher,FusionCatcher,,150.0,42.30769230769229,192.3076923076923,250.0,0.6,0.78,0.6782608695652174,,100.0,0.78,0.6,0.6782608695652174,27.0,15.0,15.0,50.0,64000000.0,True,True,False,Benchmarki_Agnieszka.xlsx,"Sensitivity, Precision",independent_comparison,no,100.0,no
OBS0209,7,https://doi.org/10.1080/15476286.2021.1940047,Dataset7.2,7.2,simulated,Simulated,,ChimeraScan,ChimeraScan,ChimeraScan,,204.0,319.0769230769231,523.0769230769231,250.0,0.816,0.39,0.5277611940298507,,46.0,0.39,0.816,0.5277611940298507,28.583333333333332,4.0,16.0,50.0,64000000.0,True,True,False,Benchmarki_Agnieszka.xlsx,"Sensitivity, Precision",independent_comparison,no,46.0,no
OBS0210,7,https://doi.org/10.1080/15476286.2021.1940047,Dataset7.3,7.3,simulated,Simulated,,Arriba,Arriba,Arriba,,227.0,67.80519480519479,294.8051948051948,250.0,0.908,0.77,0.8333253873659119,,23.0,0.77,0.908,0.8333253873659119,,,,76.0,42000000.0,True,True,False,Benchmarki_Agnieszka.xlsx,"Sensitivity, Precision",independent_comparison,no,23.0,no
OBS0211,7,https://doi.org/10.1080/15476286.2021.1940047,Dataset7.3,7.3,simulated,Simulated,,FuSeq,FuSeq,FuSeq,,208.00000000000003,89.1428571428572,297.1428571428572,250.0,0.8320000000000001,0.7,0.760313315926893,,41.99999999999997,0.7,0.8320000000000001,0.760313315926893,,,,76.0,42000000.0,True,True,False,Benchmarki_Agnieszka.xlsx,"Sensitivity, Precision",independent_comparison,no,41.99999999999997,no
OBS0212,7,https://doi.org/10.1080/15476286.2021.1940047,Dataset7.3,7.3,simulated,Simulated,,InFusion,InFusion,InFusion,,162.0,40.5,202.5,250.0,0.648,0.8,0.7160220994475139,,88.0,0.8,0.648,0.7160220994475139,,,,76.0,42000000.0,True,True,False,Benchmarki_Agnieszka.xlsx,"Sensitivity, Precision",independent_comparison,no,88.0,no
OBS0213,7,https://doi.org/10.1080/15476286.2021.1940047,Dataset7.3,7.3,simulated,Simulated,,pizzly,Pizzly,Pizzly,,198.0,69.56756756756755,267.56756756756755,250.0,0.792,0.74,0.765117493472585,,52.0,0.7400000000000001,0.792,0.7651174934725851,,,,76.0,42000000.0,True,True,False,Benchmarki_Agnieszka.xlsx,"Sensitivity, Precision",independent_comparison,no,52.0,no
OBS0214,7,https://doi.org/10.1080/15476286.2021.1940047,Dataset7.3,7.3,simulated,Simulated,,STAR-Fusion,STAR-Fusion,STAR-Fusion,,175.00000000000003,78.62318840579712,253.62318840579715,250.0,0.7000000000000001,0.69,0.6949640287769784,,74.99999999999997,0.69,0.7000000000000001,0.6949640287769784,,,,76.0,42000000.0,True,True,False,Benchmarki_Agnieszka.xlsx,"Sensitivity, Precision",independent_comparison,no,74.99999999999997,no
OBS0215,7,https://doi.org/10.1080/15476286.2021.1940047,Dataset7.3,7.3,simulated,Simulated,,STARChip,STARChip,STARChip,,43.0,76.44444444444444,119.44444444444444,250.0,0.172,0.36,0.232781954887218,,207.0,0.36,0.172,0.232781954887218,,,,76.0,42000000.0,True,True,False,Benchmarki_Agnieszka.xlsx,"Sensitivity, Precision",independent_comparison,no,207.0,no
OBS0216,7,https://doi.org/10.1080/15476286.2021.1940047,Dataset7.3,7.3,simulated,Simulated,,EricScript,EricScript,EricScript,,160.0,432.5925925925926,592.5925925925926,250.0,0.64,0.27,0.3797802197802198,,90.0,0.27,0.64,0.3797802197802198,,,,76.0,42000000.0,True,True,False,Benchmarki_Agnieszka.xlsx,"Sensitivity, Precision",independent_comparison,no,90.0,no
OBS0217,7,https://doi.org/10.1080/15476286.2021.1940047,Dataset7.3,7.3,simulated,Simulated,,FusionCatcher,FusionCatcher,FusionCatcher,,161.0,42.79746835443038,203.7974683544304,250.0,0.644,0.79,0.7095676429567642,,89.0,0.79,0.644,0.7095676429567642,,,,76.0,42000000.0,True,True,False,Benchmarki_Agnieszka.xlsx,"Sensitivity, Precision",independent_comparison,no,89.0,no
OBS0218,7,https://doi.org/10.1080/15476286.2021.1940047,Dataset7.3,7.3,simulated,Simulated,,MapSplice,MapSplice,MapSplice,,162.0,1.636363636363626,163.63636363636363,250.0,0.648,0.99,0.7832967032967033,,88.0,0.99,0.648,0.7832967032967033,,,,76.0,42000000.0,True,True,False,Benchmarki_Agnieszka.xlsx,"Sensitivity, Precision",independent_comparison,no,88.0,no
OBS0219,7,https://doi.org/10.1080/15476286.2021.1940047,Dataset7.3,7.3,simulated,Simulated,,ChimeraScan,ChimeraScan,ChimeraScan,,205.00000000000003,295.0000000000001,500.0000000000001,250.0,0.8200000000000001,0.41,0.5466666666666666,,44.99999999999997,0.41,0.8200000000000001,0.5466666666666666,,,,76.0,42000000.0,True,True,False,Benchmarki_Agnieszka.xlsx,"Sensitivity, Precision",independent_comparison,no,44.99999999999997,no
OBS0220,7,https://doi.org/10.1080/15476286.2021.1940047,Dataset7.3,7.3,simulated,Simulated,,JAFFA,JAFFA,JAFFA,,177.0,455.1428571428571,632.1428571428571,250.0,0.708,0.28,0.4012955465587045,,73.0,0.28,0.708,0.4012955465587045,,,,76.0,42000000.0,True,True,False,Benchmarki_Agnieszka.xlsx,"Sensitivity, Precision",independent_comparison,no,73.0,no
OBS0221,7,https://doi.org/10.1080/15476286.2021.1940047,Dataset7.3,7.3,simulated,Simulated,,ChimPipe,ChimPipe,ChimPipe,,188.0,14.15053763440858,202.15053763440855,250.0,0.752,0.93,0.8315814506539835,,62.0,0.9300000000000002,0.752,0.8315814506539834,,,,76.0,42000000.0,True,True,False,Benchmarki_Agnieszka.xlsx,"Sensitivity, Precision",independent_comparison,no,62.0,no
OBS0222,7,https://doi.org/10.1080/15476286.2021.1940047,Dataset7.3,7.3,simulated,Simulated,,SOAPfuse,SOAPfuse,SOAPfuse,,201.99999999999997,47.38271604938268,249.38271604938265,250.0,0.8079999999999999,0.81,0.8089987639060569,,48.00000000000003,0.81,0.8079999999999999,0.8089987639060569,,,,76.0,42000000.0,True,True,False,Benchmarki_Agnieszka.xlsx,"Sensitivity, Precision",independent_comparison,no,48.00000000000003,no
OBS0223,7,https://doi.org/10.1080/15476286.2021.1940047,Dataset7.3,7.3,simulated,Simulated,,TopHat-Fusion,TopHat-Fusion,TopHat-Fusion,,89.00000000000001,69.92857142857143,158.92857142857144,250.0,0.356,0.56,0.4352838427947598,,161.0,0.56,0.356,0.4352838427947598,,,,76.0,42000000.0,True,True,False,Benchmarki_Agnieszka.xlsx,"Sensitivity, Precision",independent_comparison,no,161.0,no
OBS0224,7,https://doi.org/10.1080/15476286.2021.1940047,Dataset7.3,7.3,simulated,Simulated,,INTEGRATE,INTEGRATE,INTEGRATE,,147.0,46.42105263157893,193.42105263157893,250.0,0.588,0.76,0.6630267062314541,,103.0,0.7600000000000001,0.588,0.6630267062314541,,,,76.0,42000000.0,True,True,False,Benchmarki_Agnieszka.xlsx,"Sensitivity, Precision",independent_comparison,no,103.0,no
OBS0225,7,https://doi.org/10.1080/15476286.2021.1940047,Dataset7.3,7.3,simulated,Simulated,,ChimeRScope,ChimeRScope,ChimeRScope,,86.0,1142.5714285714284,1228.5714285714284,250.0,0.344,0.07,0.1163285024154589,,164.0,0.07,0.344,0.1163285024154589,,,,76.0,42000000.0,True,True,False,Benchmarki_Agnieszka.xlsx,"Sensitivity, Precision",independent_comparison,no,164.0,no
OBS0226,7,https://doi.org/10.1080/15476286.2021.1940047,Dataset7.4,7.4,simulated,Simulated,,Arriba,Arriba,Arriba,,226.0,60.07594936708858,286.0759493670886,250.0,0.904,0.79,0.8431641086186541,,24.0,0.79,0.904,0.8431641086186541,,,,101.0,31500000.0,True,True,False,Benchmarki_Agnieszka.xlsx,"Sensitivity, Precision",independent_comparison,no,24.0,no
OBS0227,7,https://doi.org/10.1080/15476286.2021.1940047,Dataset7.4,7.4,simulated,Simulated,,FuSeq,FuSeq,FuSeq,,207.0,93.0,300.0,250.0,0.828,0.69,0.7527272727272728,,43.0,0.69,0.828,0.7527272727272728,,,,101.0,31500000.0,True,True,False,Benchmarki_Agnieszka.xlsx,"Sensitivity, Precision",independent_comparison,no,43.0,no
OBS0228,7,https://doi.org/10.1080/15476286.2021.1940047,Dataset7.4,7.4,simulated,Simulated,,InFusion,InFusion,InFusion,,168.99999999999997,42.24999999999997,211.24999999999991,250.0,0.6759999999999999,0.8,0.7327913279132791,,81.00000000000003,0.8,0.6759999999999999,0.7327913279132791,,,,101.0,31500000.0,True,True,False,Benchmarki_Agnieszka.xlsx,"Sensitivity, Precision",independent_comparison,no,81.00000000000003,no
OBS0229,7,https://doi.org/10.1080/15476286.2021.1940047,Dataset7.4,7.4,simulated,Simulated,,pizzly,Pizzly,Pizzly,,197.0,58.84415584415584,255.84415584415584,250.0,0.788,0.77,0.7788960205391529,,53.0,0.77,0.788,0.7788960205391529,,,,101.0,31500000.0,True,True,False,Benchmarki_Agnieszka.xlsx,"Sensitivity, Precision",independent_comparison,no,53.0,no
OBS0230,7,https://doi.org/10.1080/15476286.2021.1940047,Dataset7.4,7.4,simulated,Simulated,,STAR-Fusion,STAR-Fusion,STAR-Fusion,,168.99999999999997,83.23880597014923,252.2388059701492,250.0,0.6759999999999999,0.67,0.6729866270430905,,81.00000000000003,0.67,0.6759999999999999,0.6729866270430905,,,,101.0,31500000.0,True,True,False,Benchmarki_Agnieszka.xlsx,"Sensitivity, Precision",independent_comparison,no,81.00000000000003,no
OBS0231,7,https://doi.org/10.1080/15476286.2021.1940047,Dataset7.4,7.4,simulated,Simulated,,STARChip,STARChip,STARChip,,43.0,100.33333333333334,143.33333333333334,250.0,0.172,0.3,0.2186440677966101,,207.0,0.3,0.172,0.2186440677966101,,,,101.0,31500000.0,True,True,False,Benchmarki_Agnieszka.xlsx,"Sensitivity, Precision",independent_comparison,no,207.0,no
OBS0232,7,https://doi.org/10.1080/15476286.2021.1940047,Dataset7.4,7.4,simulated,Simulated,,EricScript,EricScript,EricScript,,150.0,426.9230769230769,576.9230769230769,250.0,0.6,0.26,0.3627906976744186,,100.0,0.26,0.6,0.3627906976744186,,,,101.0,31500000.0,True,True,False,Benchmarki_Agnieszka.xlsx,"Sensitivity, Precision",independent_comparison,no,100.0,no
OBS0233,7,https://doi.org/10.1080/15476286.2021.1940047,Dataset7.4,7.4,simulated,Simulated,,FusionCatcher,FusionCatcher,FusionCatcher,,165.0,64.16666666666669,229.16666666666669,250.0,0.66,0.72,0.6886956521739132,,85.0,0.72,0.66,0.6886956521739132,,,,101.0,31500000.0,True,True,False,Benchmarki_Agnieszka.xlsx,"Sensitivity, Precision",independent_comparison,no,85.0,no
OBS0234,7,https://doi.org/10.1080/15476286.2021.1940047,Dataset7.4,7.4,simulated,Simulated,,MapSplice,MapSplice,MapSplice,,152.0,1.5353535353535506,153.53535353535355,250.0,0.608,0.99,0.7533416770963706,,98.0,0.99,0.608,0.7533416770963705,,,,101.0,31500000.0,True,True,False,Benchmarki_Agnieszka.xlsx,"Sensitivity, Precision",independent_comparison,no,98.0,no
OBS0235,7,https://doi.org/10.1080/15476286.2021.1940047,Dataset7.4,7.4,simulated,Simulated,,ChimeraScan,ChimeraScan,ChimeraScan,,200.0,300.0,500.0,250.0,0.8,0.4,0.5333333333333333,,50.0,0.4,0.8,0.5333333333333333,,,,101.0,31500000.0,True,True,False,Benchmarki_Agnieszka.xlsx,"Sensitivity, Precision",independent_comparison,no,50.0,no
OBS0236,7,https://doi.org/10.1080/15476286.2021.1940047,Dataset7.4,7.4,simulated,Simulated,,JAFFA,JAFFA,JAFFA,,182.0,467.9999999999999,649.9999999999999,250.0,0.728,0.28,0.4044444444444445,,68.0,0.28,0.728,0.4044444444444445,,,,101.0,31500000.0,True,True,False,Benchmarki_Agnieszka.xlsx,"Sensitivity, Precision",independent_comparison,no,68.0,no
OBS0237,7,https://doi.org/10.1080/15476286.2021.1940047,Dataset7.4,7.4,simulated,Simulated,,ChimPipe,ChimPipe,ChimPipe,,177.0,15.391304347826065,192.3913043478261,250.0,0.708,0.92,0.80019656019656,,73.0,0.9200000000000002,0.708,0.8001965601965602,,,,101.0,31500000.0,True,True,False,Benchmarki_Agnieszka.xlsx,"Sensitivity, Precision",independent_comparison,no,73.0,no
OBS0238,7,https://doi.org/10.1080/15476286.2021.1940047,Dataset7.4,7.4,simulated,Simulated,,SOAPfuse,SOAPfuse,SOAPfuse,,198.99999999999997,43.6829268292683,242.68292682926827,250.0,0.7959999999999999,0.82,0.8078217821782177,,51.00000000000003,0.82,0.7959999999999999,0.8078217821782177,,,,101.0,31500000.0,True,True,False,Benchmarki_Agnieszka.xlsx,"Sensitivity, Precision",independent_comparison,no,51.00000000000003,no
OBS0239,7,https://doi.org/10.1080/15476286.2021.1940047,Dataset7.4,7.4,simulated,Simulated,,TopHat-Fusion,TopHat-Fusion,TopHat-Fusion,,68.0,51.298245614035096,119.2982456140351,250.0,0.272,0.57,0.3682660332541568,,182.0,0.57,0.272,0.3682660332541568,,,,101.0,31500000.0,True,True,False,Benchmarki_Agnieszka.xlsx,"Sensitivity, Precision",independent_comparison,no,182.0,no
OBS0240,7,https://doi.org/10.1080/15476286.2021.1940047,Dataset7.4,7.4,simulated,Simulated,,INTEGRATE,INTEGRATE,INTEGRATE,,139.0,36.94936708860757,175.94936708860757,250.0,0.556,0.79,0.6526597325408618,,111.0,0.7900000000000001,0.556,0.652659732540862,,,,101.0,31500000.0,True,True,False,Benchmarki_Agnieszka.xlsx,"Sensitivity, Precision",independent_comparison,no,111.0,no
OBS0241,7,https://doi.org/10.1080/15476286.2021.1940047,Dataset7.4,7.4,simulated,Simulated,,ChimeRScope,ChimeRScope,ChimeRScope,,85.0,977.5,1062.5,250.0,0.34,0.08,0.1295238095238095,,165.0,0.08,0.34,0.1295238095238095,,,,101.0,31500000.0,True,True,False,Benchmarki_Agnieszka.xlsx,"Sensitivity, Precision",independent_comparison,no,165.0,no
OBS0242,7,https://doi.org/10.1080/15476286.2021.1940047,Dataset7.5,7.5,real,Real,run 1,pizzly,Pizzly,Pizzly,,20.025999999999996,981.274,1001.2999999999998,62.0,0.3229999999999999,0.02,0.037667638483965,,41.974,0.02,0.3229999999999999,0.037667638483965,0.1833333333333333,5.0,1.0,101.0,65000000.0,True,True,False,Benchmarki_Agnieszka.xlsx,"Sensitivity, Precision",independent_comparison,no,41.974000000000004,no
OBS0243,7,https://doi.org/10.1080/15476286.2021.1940047,Dataset7.5,7.5,real,Real,,FuSeq,FuSeq,FuSeq,,29.016,74.61257142857141,103.62857142857142,62.0,0.4679999999999999,0.28,0.3503743315508021,,32.984,0.28,0.4679999999999999,0.3503743315508021,0.6666666666666666,6.0,2.0,101.0,65000000.0,True,True,False,Benchmarki_Agnieszka.xlsx,"Sensitivity, Precision",independent_comparison,no,32.984,no
OBS0244,7,https://doi.org/10.1080/15476286.2021.1940047,Dataset7.5,7.5,real,Real,,STARChip,STARChip,STARChip,,0.0,0.0,0.0,62.0,0.0,0.0,0.0,,62.0,,0.0,0.0,1.0,28.0,3.0,101.0,65000000.0,True,True,False,Benchmarki_Agnieszka.xlsx,"Sensitivity, Precision",independent_comparison,no,62.0,no
OBS0245,7,https://doi.org/10.1080/15476286.2021.1940047,Dataset7.5,7.5,real,Real,,Arriba,Arriba,Arriba,,6.013999999999999,54.12599999999999,60.13999999999999,62.0,0.0969999999999999,0.1,0.098477157360406,,55.986,0.1,0.0969999999999999,0.098477157360406,1.25,30.0,4.0,101.0,65000000.0,True,True,False,Benchmarki_Agnieszka.xlsx,"Sensitivity, Precision",independent_comparison,no,55.986000000000004,no
OBS0246,7,https://doi.org/10.1080/15476286.2021.1940047,Dataset7.5,7.5,real,Real,,STAR-Fusion,STAR-Fusion,STAR-Fusion,,5.022,24.519176470588235,29.541176470588233,62.0,0.081,0.17,0.1097211155378486,,56.978,0.17,0.081,0.1097211155378486,2.8333333333333335,37.0,5.0,101.0,65000000.0,True,True,False,Benchmarki_Agnieszka.xlsx,"Sensitivity, Precision",independent_comparison,no,56.978,no
OBS0247,7,https://doi.org/10.1080/15476286.2021.1940047,Dataset7.5,7.5,real,Real,,FusionCatcher,FusionCatcher,FusionCatcher,,21.017999999999997,63.05399999999999,84.07199999999999,62.0,0.3389999999999999,0.25,0.2877758913412563,,40.982,0.25,0.3389999999999999,0.2877758913412563,3.6666666666666665,16.0,6.0,101.0,65000000.0,True,True,False,Benchmarki_Agnieszka.xlsx,"Sensitivity, Precision",independent_comparison,no,40.982,no
OBS0248,7,https://doi.org/10.1080/15476286.2021.1940047,Dataset7.5,7.5,real,Real,,EricScript,EricScript,EricScript,,24.985999999999997,474.7339999999999,499.7199999999999,62.0,0.4029999999999999,0.05,0.088962472406181,,37.014,0.05,0.4029999999999999,0.088962472406181,7.666666666666667,6.0,7.0,101.0,65000000.0,True,True,False,Benchmarki_Agnieszka.xlsx,"Sensitivity, Precision",independent_comparison,no,37.014,no
OBS0249,7,https://doi.org/10.1080/15476286.2021.1940047,Dataset7.5,7.5,real,Real,,JAFFA,JAFFA,JAFFA,,45.012,2205.5879999999997,2250.6,62.0,0.726,0.02,0.0389276139410187,,16.988,0.02,0.726,0.0389276139410187,8.666666666666666,5.0,8.0,101.0,65000000.0,True,True,False,Benchmarki_Agnieszka.xlsx,"Sensitivity, Precision",independent_comparison,no,16.988,no
OBS0250,7,https://doi.org/10.1080/15476286.2021.1940047,Dataset7.5,7.5,real,Real,,InFusion,InFusion,InFusion,,9.982,24.438689655172418,34.42068965517242,62.0,0.161,0.29,0.2070509977827051,,52.018,0.29,0.161,0.2070509977827051,11.5,5.0,9.0,101.0,65000000.0,True,True,False,Benchmarki_Agnieszka.xlsx,"Sensitivity, Precision",independent_comparison,no,52.018,no
OBS0251,7,https://doi.org/10.1080/15476286.2021.1940047,Dataset7.5,7.5,real,Real,,SOAPfuse,SOAPfuse,SOAPfuse,,41.974,30.39496551724139,72.36896551724139,62.0,0.677,0.58,0.6247573587907717,,20.025999999999996,0.58,0.677,0.6247573587907717,12.166666666666666,6.0,10.0,101.0,65000000.0,True,True,False,Benchmarki_Agnieszka.xlsx,"Sensitivity, Precision",independent_comparison,no,20.026000000000003,no
OBS0252,7,https://doi.org/10.1080/15476286.2021.1940047,Dataset7.5,7.5,real,Real,,ChimeraScan,ChimeraScan,ChimeraScan,,33.976,815.424,849.4,62.0,0.5479999999999999,0.04,0.0745578231292517,,28.024,0.04,0.5479999999999999,0.0745578231292517,12.5,4.0,11.0,101.0,65000000.0,True,True,False,Benchmarki_Agnieszka.xlsx,"Sensitivity, Precision",independent_comparison,no,28.024,no
OBS0253,7,https://doi.org/10.1080/15476286.2021.1940047,Dataset7.5,7.5,real,Real,,INTEGRATE,INTEGRATE,INTEGRATE,,2.976,30.09066666666667,33.06666666666667,62.0,0.048,0.09,0.0626086956521739,,59.024,0.09,0.048,0.0626086956521739,14.666666666666666,23.0,12.0,101.0,65000000.0,True,True,False,Benchmarki_Agnieszka.xlsx,"Sensitivity, Precision",independent_comparison,no,59.024,no
OBS0254,7,https://doi.org/10.1080/15476286.2021.1940047,Dataset7.5,7.5,real,Real,,ChimeRScope,ChimeRScope,ChimeRScope,,2.976,71.42399999999999,74.39999999999999,62.0,0.048,0.04,0.0436363636363636,,59.024,0.04,0.048,0.0436363636363636,16.166666666666668,24.0,13.0,101.0,65000000.0,True,True,False,Benchmarki_Agnieszka.xlsx,"Sensitivity, Precision",independent_comparison,no,59.024,no
OBS0255,7,https://doi.org/10.1080/15476286.2021.1940047,Dataset7.5,7.5,real,Real,,TopHat-Fusion,TopHat-Fusion,TopHat-Fusion,,0.992,3.968,4.96,62.0,0.016,0.2,0.0296296296296296,,61.008,0.2,0.016,0.0296296296296296,24.166666666666668,14.0,14.0,101.0,65000000.0,True,True,False,Benchmarki_Agnieszka.xlsx,"Sensitivity, Precision",independent_comparison,no,61.008,no
OBS0256,7,https://doi.org/10.1080/15476286.2021.1940047,Dataset7.5,7.5,real,Real,,ChimPipe,ChimPipe,ChimPipe,,15.004,40.566370370370365,55.57037037037036,62.0,0.242,0.27,0.255234375,,46.996,0.27,0.242,0.255234375,27.983333333333334,8.0,15.0,101.0,65000000.0,True,True,False,Benchmarki_Agnieszka.xlsx,"Sensitivity, Precision",independent_comparison,no,46.996,no
OBS0257,7,https://doi.org/10.1080/15476286.2021.1940047,Dataset7.5,7.5,real,Real,,MapSplice,MapSplice,MapSplice,,2.976,19.916307692307697,22.892307692307693,62.0,0.048,0.13,0.0701123595505618,,59.024,0.13,0.048,0.0701123595505618,43.083333333333336,6.0,16.0,101.0,65000000.0,True,True,False,Benchmarki_Agnieszka.xlsx,"Sensitivity, Precision",independent_comparison,no,59.024,no
OBS0290,8,https://doi.org/10.1093/bioinformatics/btab249,Dataset8.1,8.1,simulated,Simulated,,MetaFusion.top_3,MetaFusion.top_3,MetaFusion,,1989.0,90.0,2079.0,2500.0,0.7959999999999999,0.957,0.8690000000000001,,511.0,0.9567099567099568,0.7956,0.8687486350731601,,,,50.0,30000000.0,True,True,False,Benchmarki_Agnieszka.xlsx,"Sensitivity, Precision",new_tool,"yes, MetaFusion",511.0,no
OBS0291,8,https://doi.org/10.1093/bioinformatics/btab249,Dataset8.1,8.1,simulated,Simulated,,MetaFusion,MetaFusion,MetaFusion,,2091.0,164.0,2255.0,2500.0,0.836,0.927,0.879,,409.0,0.9272727272727272,0.8364,0.8794952681388013,,,,50.0,30000000.0,True,True,False,Benchmarki_Agnieszka.xlsx,"Sensitivity, Precision",new_tool,"yes, MetaFusion",409.0,no
OBS0292,8,https://doi.org/10.1093/bioinformatics/btab249,Dataset8.1,8.1,simulated,Simulated,,Arriba,Arriba,Arriba,,2104.0,273.0,2377.0,2500.0,0.8420000000000001,0.885,0.863,,396.0,0.8851493479175431,0.8416,0.8628255074841091,,,,50.0,30000000.0,True,True,False,Benchmarki_Agnieszka.xlsx,"Sensitivity, Precision",new_tool,"yes, MetaFusion",396.0,no
OBS0293,8,https://doi.org/10.1093/bioinformatics/btab249,Dataset8.1,8.1,simulated,Simulated,,STAR-Fusion,STAR-Fusion,STAR-Fusion,,1929.0,117.0,2046.0,2500.0,0.772,0.943,0.8490000000000001,,571.0,0.9428152492668622,0.7716,0.8486581610206776,,,,50.0,30000000.0,True,True,False,Benchmarki_Agnieszka.xlsx,"Sensitivity, Precision",new_tool,"yes, MetaFusion",571.0,no
OBS0294,8,https://doi.org/10.1093/bioinformatics/btab249,Dataset8.1,8.1,simulated,Simulated,,STAR-SEQR,STAR-SEQR,STAR-SEQR,,1953.0,306.0,2259.0,2500.0,0.7809999999999999,0.865,0.821,,547.0,0.8645418326693227,0.7812,0.8207606640050431,,,,50.0,30000000.0,True,True,False,Benchmarki_Agnieszka.xlsx,"Sensitivity, Precision",new_tool,"yes, MetaFusion",547.0,no
OBS0295,8,https://doi.org/10.1093/bioinformatics/btab249,Dataset8.1,8.1,simulated,Simulated,,deFuse,deFuse,deFuse,,1910.0,179.0,2089.0,2500.0,0.764,0.914,0.8320000000000001,,590.0,0.9143130684538056,0.764,0.8324253650032687,,,,50.0,30000000.0,True,True,False,Benchmarki_Agnieszka.xlsx,"Sensitivity, Precision",new_tool,"yes, MetaFusion",590.0,no
OBS0296,8,https://doi.org/10.1093/bioinformatics/btab249,Dataset8.1,8.1,simulated,Simulated,,EricScript,EricScript,EricScript,,1408.0,68.0,1476.0,2500.0,0.563,0.954,0.708,,1092.0,0.9539295392953928,0.5632,0.7082494969818914,,,,50.0,30000000.0,True,True,False,Benchmarki_Agnieszka.xlsx,"Sensitivity, Precision",new_tool,"yes, MetaFusion",1092.0,no
OBS0297,8,https://doi.org/10.1093/bioinformatics/btab249,Dataset8.1,8.1,simulated,Simulated,,INTEGRATE,INTEGRATE,INTEGRATE,,1727.0,325.0,2052.0,2500.0,0.691,0.8420000000000001,0.759,,773.0,0.8416179337231969,0.6908,0.7587873462214411,,,,50.0,30000000.0,True,True,False,Benchmarki_Agnieszka.xlsx,"Sensitivity, Precision",new_tool,"yes, MetaFusion",773.0,no
OBS0298,8,https://doi.org/10.1093/bioinformatics/btab249,Dataset8.1,8.1,simulated,Simulated,,FusionMap,FusionMap,FusionMap,,1500.0,122.0,1622.0,2500.0,0.6,0.925,0.728,,1000.0,0.9247842170160296,0.6,0.727802037845706,,,,50.0,30000000.0,True,True,False,Benchmarki_Agnieszka.xlsx,"Sensitivity, Precision",new_tool,"yes, MetaFusion",1000.0,no
OBS0299,8,https://doi.org/10.1093/bioinformatics/btab249,Dataset8.2,8.2,simulated,Simulated,run 4,MetaFusion.top_3,MetaFusion.top_3,MetaFusion,,2333.0,86.0,2419.0,2500.0,0.933,0.964,0.948,,167.0,0.9644481190574618,0.9332,0.9485667818662328,,,,101.0,30000000.0,True,True,False,Benchmarki_Agnieszka.xlsx,"Sensitivity, Precision",new_tool,"yes, MetaFusion",167.0,no
OBS0300,8,https://doi.org/10.1093/bioinformatics/btab249,Dataset8.2,8.2,simulated,Simulated,,MetaFusion,MetaFusion,MetaFusion,,2389.0,147.0,2536.0,2500.0,0.956,0.942,0.949,,111.0,0.9420347003154574,0.9556,0.9487688641779192,,,,101.0,30000000.0,True,True,False,Benchmarki_Agnieszka.xlsx,"Sensitivity, Precision",new_tool,"yes, MetaFusion",111.0,no
OBS0301,8,https://doi.org/10.1093/bioinformatics/btab249,Dataset8.2,8.2,simulated,Simulated,,Arriba,Arriba,Arriba,,2304.0,260.0,2564.0,2500.0,0.922,0.899,0.91,,196.0,0.8985959438377535,0.9216,0.909952606635071,,,,101.0,30000000.0,True,True,False,Benchmarki_Agnieszka.xlsx,"Sensitivity, Precision",new_tool,"yes, MetaFusion",196.0,no
OBS0302,8,https://doi.org/10.1093/bioinformatics/btab249,Dataset8.2,8.2,simulated,Simulated,,STAR-Fusion,STAR-Fusion,STAR-Fusion,,2250.0,170.0,2420.0,2500.0,0.9,0.93,0.915,,250.0,0.9297520661157024,0.9,0.9146341463414634,,,,101.0,30000000.0,True,True,False,Benchmarki_Agnieszka.xlsx,"Sensitivity, Precision",new_tool,"yes, MetaFusion",250.0,no
OBS0303,8,https://doi.org/10.1093/bioinformatics/btab249,Dataset8.2,8.2,simulated,Simulated,,STAR-SEQR,STAR-SEQR,STAR-SEQR,,2337.0,306.0,2643.0,2500.0,0.935,0.884,0.909,,163.0,0.8842224744608399,0.9348,0.9088080886642038,,,,101.0,30000000.0,True,True,False,Benchmarki_Agnieszka.xlsx,"Sensitivity, Precision",new_tool,"yes, MetaFusion",163.0,no
OBS0304,8,https://doi.org/10.1093/bioinformatics/btab249,Dataset8.2,8.2,simulated,Simulated,,deFuse,deFuse,deFuse,,2191.0,312.0,2503.0,2500.0,0.8759999999999999,0.875,0.875,,309.0,0.875349580503396,0.8764,0.8758744753148111,,,,101.0,30000000.0,True,True,False,Benchmarki_Agnieszka.xlsx,"Sensitivity, Precision",new_tool,"yes, MetaFusion",309.0,no
OBS0305,8,https://doi.org/10.1093/bioinformatics/btab249,Dataset8.2,8.2,simulated,Simulated,,EricScript,EricScript,EricScript,,1722.0,445.0,2167.0,2500.0,0.6890000000000001,0.795,0.738,,778.0,0.7946469773880941,0.6888,0.7379472894793229,,,,101.0,30000000.0,True,True,False,Benchmarki_Agnieszka.xlsx,"Sensitivity, Precision",new_tool,"yes, MetaFusion",778.0,no
OBS0306,8,https://doi.org/10.1093/bioinformatics/btab249,Dataset8.2,8.2,simulated,Simulated,,INTEGRATE,INTEGRATE,INTEGRATE,,1708.0,369.0,2077.0,2500.0,0.6829999999999999,0.8220000000000001,0.746,,792.0,0.8223399133365431,0.6832,0.7463403976403759,,,,101.0,30000000.0,True,True,False,Benchmarki_Agnieszka.xlsx,"Sensitivity, Precision",new_tool,"yes, MetaFusion",792.0,no
OBS0307,8,https://doi.org/10.1093/bioinformatics/btab249,Dataset8.2,8.2,simulated,Simulated,,FusionMap,FusionMap,FusionMap,,1986.0,81.0,2067.0,2500.0,0.794,0.961,0.87,,514.0,0.9608127721335268,0.7944,0.8697175388657762,,,,101.0,30000000.0,True,True,False,Benchmarki_Agnieszka.xlsx,"Sensitivity, Precision",new_tool,"yes, MetaFusion",514.0,no
OBS0308,8,https://doi.org/10.1093/bioinformatics/btab249,Dataset8.6,8.6,simulated,Simulated,run 2 tylko sim45,MetaFusion.top_3,MetaFusion.top_3,MetaFusion,,56.0,3.0,59.0,61.0,0.918,0.949,0.933,,5.0,0.9491525423728814,0.918032786885246,0.9333333333333332,,,,101.0,65000000.0,True,True,False,Benchmarki_Agnieszka.xlsx,"Sensitivity, Precision",new_tool,"yes, MetaFusion",5.0,no
OBS0309,8,https://doi.org/10.1093/bioinformatics/btab249,Dataset8.6,8.6,simulated,Simulated,,MetaFusion,MetaFusion,MetaFusion,,57.0,12.0,69.0,61.0,0.934,0.826,0.877,,4.0,0.8260869565217391,0.9344262295081968,0.8769230769230769,,,,101.0,65000000.0,True,True,False,Benchmarki_Agnieszka.xlsx,"Sensitivity, Precision",new_tool,"yes, MetaFusion",4.0,no
OBS0310,8,https://doi.org/10.1093/bioinformatics/btab249,Dataset8.6,8.6,simulated,Simulated,,Arriba,Arriba,Arriba,,56.0,17.0,73.0,61.0,0.918,0.767,0.836,,5.0,0.7671232876712328,0.918032786885246,0.8358208955223879,,,,101.0,65000000.0,True,True,False,Benchmarki_Agnieszka.xlsx,"Sensitivity, Precision",new_tool,"yes, MetaFusion",5.0,no
OBS0311,8,https://doi.org/10.1093/bioinformatics/btab249,Dataset8.6,8.6,simulated,Simulated,,STAR-Fusion,STAR-Fusion,STAR-Fusion,,50.0,11.0,61.0,61.0,0.82,0.82,0.82,,11.0,0.819672131147541,0.819672131147541,0.819672131147541,,,,101.0,65000000.0,True,True,False,Benchmarki_Agnieszka.xlsx,"Sensitivity, Precision",new_tool,"yes, MetaFusion",11.0,no
OBS0312,8,https://doi.org/10.1093/bioinformatics/btab249,Dataset8.6,8.6,simulated,Simulated,,STAR-SEQR,STAR-SEQR,STAR-SEQR,,57.0,33.0,90.0,61.0,0.934,0.633,0.755,,4.0,0.6333333333333333,0.9344262295081968,0.7549668874172185,,,,101.0,65000000.0,True,True,False,Benchmarki_Agnieszka.xlsx,"Sensitivity, Precision",new_tool,"yes, MetaFusion",4.0,no
OBS0313,8,https://doi.org/10.1093/bioinformatics/btab249,Dataset8.6,8.6,simulated,Simulated,,deFuse,deFuse,deFuse,,51.0,231.0,282.0,61.0,0.836,0.181,0.298,,10.0,0.1808510638297872,0.8360655737704918,0.2973760932944606,,,,101.0,65000000.0,True,True,False,Benchmarki_Agnieszka.xlsx,"Sensitivity, Precision",new_tool,"yes, MetaFusion",10.0,no
OBS0314,8,https://doi.org/10.1093/bioinformatics/btab249,Dataset8.6,8.6,simulated,Simulated,,EricScript,EricScript,EricScript,,40.0,262.0,302.0,61.0,0.6559999999999999,0.132,0.22,,21.0,0.1324503311258278,0.6557377049180327,0.2203856749311294,,,,101.0,65000000.0,True,True,False,Benchmarki_Agnieszka.xlsx,"Sensitivity, Precision",new_tool,"yes, MetaFusion",21.0,no
OBS0315,8,https://doi.org/10.1093/bioinformatics/btab249,Dataset8.6,8.6,simulated,Simulated,,INTEGRATE,INTEGRATE,INTEGRATE,,45.0,186.0,231.0,61.0,0.738,0.195,0.308,,16.0,0.1948051948051948,0.7377049180327869,0.3082191780821918,,,,101.0,65000000.0,True,True,False,Benchmarki_Agnieszka.xlsx,"Sensitivity, Precision",new_tool,"yes, MetaFusion",16.0,no
OBS0316,8,https://doi.org/10.1093/bioinformatics/btab249,Dataset8.6,8.6,simulated,Simulated,,FusionMap,FusionMap,FusionMap,,42.0,12.0,54.0,61.0,0.6890000000000001,0.778,0.731,,19.0,0.7777777777777778,0.6885245901639344,0.7304347826086957,,,,101.0,65000000.0,True,True,False,Benchmarki_Agnieszka.xlsx,"Sensitivity, Precision",new_tool,"yes, MetaFusion",19.0,no
OBS0326,8,https://doi.org/10.1093/bioinformatics/btab249,Dataset8.4,8.4,real,Real,run 6,MetaFusion.top_3,MetaFusion.top_3,MetaFusion,,16.0,10.0,26.0,17.0,0.941,0.615,0.7440000000000001,,1.0,0.6153846153846154,0.9411764705882352,0.744186046511628,,,,,,True,True,False,Benchmarki_Agnieszka.xlsx,"Sensitivity, Precision",new_tool,"yes, MetaFusion",1.0,no
OBS0327,8,https://doi.org/10.1093/bioinformatics/btab249,Dataset8.4,8.4,real,Real,,MetaFusion,MetaFusion,MetaFusion,,17.0,26.0,43.0,17.0,1.0,0.395,0.5660000000000001,,0.0,0.3953488372093023,1.0,0.5666666666666667,,,,,,True,True,False,Benchmarki_Agnieszka.xlsx,"Sensitivity, Precision",new_tool,"yes, MetaFusion",0.0,no
OBS0328,8,https://doi.org/10.1093/bioinformatics/btab249,Dataset8.4,8.4,real,Real,,Arriba,Arriba,Arriba,,15.0,314.0,329.0,17.0,0.882,0.046,0.087,,2.0,0.0455927051671732,0.8823529411764706,0.0867052023121387,,,,,,True,True,False,Benchmarki_Agnieszka.xlsx,"Sensitivity, Precision",new_tool,"yes, MetaFusion",2.0,no
OBS0329,8,https://doi.org/10.1093/bioinformatics/btab249,Dataset8.4,8.4,real,Real,,STAR-Fusion,STAR-Fusion,STAR-Fusion,,10.0,37.0,47.0,17.0,0.588,0.213,0.313,,7.0,0.2127659574468085,0.5882352941176471,0.3125,,,,,,True,True,False,Benchmarki_Agnieszka.xlsx,"Sensitivity, Precision",new_tool,"yes, MetaFusion",7.0,no
OBS0330,8,https://doi.org/10.1093/bioinformatics/btab249,Dataset8.4,8.4,real,Real,,STAR-SEQR,STAR-SEQR,STAR-SEQR,,14.0,90.0,104.0,17.0,0.8240000000000001,0.135,0.2319999999999999,,3.0,0.1346153846153846,0.8235294117647058,0.2314049586776859,,,,,,True,True,False,Benchmarki_Agnieszka.xlsx,"Sensitivity, Precision",new_tool,"yes, MetaFusion",3.0,no
OBS0331,8,https://doi.org/10.1093/bioinformatics/btab249,Dataset8.4,8.4,real,Real,,deFuse,deFuse,deFuse,,16.0,327.0,343.0,17.0,0.941,0.047,0.09,,1.0,0.0466472303206997,0.9411764705882352,0.0888888888888888,,,,,,True,True,False,Benchmarki_Agnieszka.xlsx,"Sensitivity, Precision",new_tool,"yes, MetaFusion",1.0,no
OBS0332,8,https://doi.org/10.1093/bioinformatics/btab249,Dataset8.4,8.4,real,Real,,EricScript,EricScript,EricScript,,9.0,343.0,352.0,17.0,0.529,0.026,0.05,,8.0,0.0255681818181818,0.5294117647058824,0.048780487804878,,,,,,True,True,False,Benchmarki_Agnieszka.xlsx,"Sensitivity, Precision",new_tool,"yes, MetaFusion",8.0,no
OBS0333,8,https://doi.org/10.1093/bioinformatics/btab249,Dataset8.4,8.4,real,Real,,INTEGRATE,INTEGRATE,INTEGRATE,,11.0,39.0,50.0,17.0,0.647,0.22,0.3279999999999999,,6.0,0.22,0.6470588235294118,0.3283582089552239,,,,,,True,True,False,Benchmarki_Agnieszka.xlsx,"Sensitivity, Precision",new_tool,"yes, MetaFusion",6.0,no
OBS0334,8,https://doi.org/10.1093/bioinformatics/btab249,Dataset8.4,8.4,real,Real,,FusionMap,FusionMap,FusionMap,,11.0,29.0,40.0,17.0,0.647,0.275,0.386,,6.0,0.275,0.6470588235294118,0.3859649122807018,,,,,,True,True,False,Benchmarki_Agnieszka.xlsx,"Sensitivity, Precision",new_tool,"yes, MetaFusion",6.0,no
OBS0335,8,https://doi.org/10.1093/bioinformatics/btab249,Dataset8.7,8.7,real,Real,,MetaFusion.top_3,MetaFusion.top_3,MetaFusion,,12.0,1.0,13.0,12.0,1.0,0.923,0.96,,0.0,0.9230769230769232,1.0,0.96,,,,,,True,True,False,Benchmarki_Agnieszka.xlsx,"Sensitivity, Precision",new_tool,"yes, MetaFusion",0.0,no
OBS0336,8,https://doi.org/10.1093/bioinformatics/btab249,Dataset8.7,8.7,real,Real,,MetaFusion,MetaFusion,MetaFusion,,12.0,1.0,13.0,12.0,1.0,0.923,0.96,,0.0,0.9230769230769232,1.0,0.96,,,,,,True,True,False,Benchmarki_Agnieszka.xlsx,"Sensitivity, Precision",new_tool,"yes, MetaFusion",0.0,no
OBS0337,8,https://doi.org/10.1093/bioinformatics/btab249,Dataset8.7,8.7,real,Real,,Arriba,Arriba,Arriba,,12.0,8.0,20.0,12.0,1.0,0.6,0.75,,0.0,0.6,1.0,0.7499999999999999,,,,,,True,True,False,Benchmarki_Agnieszka.xlsx,"Sensitivity, Precision",new_tool,"yes, MetaFusion",0.0,no
OBS0338,8,https://doi.org/10.1093/bioinformatics/btab249,Dataset8.7,8.7,real,Real,,STAR-Fusion,STAR-Fusion,STAR-Fusion,,11.0,3.0,14.0,12.0,0.917,0.7859999999999999,0.846,,1.0,0.7857142857142857,0.9166666666666666,0.8461538461538461,,,,,,True,True,False,Benchmarki_Agnieszka.xlsx,"Sensitivity, Precision",new_tool,"yes, MetaFusion",1.0,no
OBS0339,8,https://doi.org/10.1093/bioinformatics/btab249,Dataset8.7,8.7,real,Real,,STAR-SEQR,STAR-SEQR,STAR-SEQR,,12.0,3.0,15.0,12.0,1.0,0.8,0.889,,0.0,0.8,1.0,0.888888888888889,,,,,,True,True,False,Benchmarki_Agnieszka.xlsx,"Sensitivity, Precision",new_tool,"yes, MetaFusion",0.0,no
OBS0340,8,https://doi.org/10.1093/bioinformatics/btab249,Dataset8.7,8.7,real,Real,,deFuse,deFuse,deFuse,,10.0,6.0,16.0,12.0,0.833,0.625,0.7140000000000001,,2.0,0.625,0.8333333333333334,0.7142857142857143,,,,,,True,True,False,Benchmarki_Agnieszka.xlsx,"Sensitivity, Precision",new_tool,"yes, MetaFusion",2.0,no
OBS0341,8,https://doi.org/10.1093/bioinformatics/btab249,Dataset8.7,8.7,real,Real,,EricScript,EricScript,EricScript,,10.0,23.0,33.0,12.0,0.833,0.303,0.444,,2.0,0.303030303030303,0.8333333333333334,0.4444444444444444,,,,,,True,True,False,Benchmarki_Agnieszka.xlsx,"Sensitivity, Precision",new_tool,"yes, MetaFusion",2.0,no
OBS0342,8,https://doi.org/10.1093/bioinformatics/btab249,Dataset8.7,8.7,real,Real,,INTEGRATE,INTEGRATE,INTEGRATE,,5.0,5.0,10.0,12.0,0.417,0.5,0.455,,7.0,0.5,0.4166666666666667,0.4545454545454545,,,,,,True,True,False,Benchmarki_Agnieszka.xlsx,"Sensitivity, Precision",new_tool,"yes, MetaFusion",7.0,no
OBS0343,8,https://doi.org/10.1093/bioinformatics/btab249,Dataset8.7,8.7,real,Real,,FusionMap,FusionMap,FusionMap,,12.0,3.0,15.0,12.0,1.0,0.8,0.889,,0.0,0.8,1.0,0.888888888888889,,,,,,True,True,False,Benchmarki_Agnieszka.xlsx,"Sensitivity, Precision",new_tool,"yes, MetaFusion",0.0,no
OBS0344,9,https://doi.org/10.1101%2Fgr.186114.114,Dataset9,9,real,Real,,INTEGRATE C,INTEGRATE C,INTEGRATE,,,,,138.0,0.89,0.81,0.8481176470588235,,,,,,,,,,,True,True,False,Benchmarki_Agnieszka.xlsx,"Sensitivity, Precision",new_tool,"yes, INTEGRATE",,no
OBS0345,9,https://doi.org/10.1101%2Fgr.186114.114,Dataset9,9,real,Real,,INTEGRATE G,INTEGRATE G,INTEGRATE,,,,,138.0,0.67,0.85,0.7493421052631579,,,,,,,,,,,True,True,False,Benchmarki_Agnieszka.xlsx,"Sensitivity, Precision",new_tool,"yes, INTEGRATE",,no
OBS0346,9,https://doi.org/10.1101%2Fgr.186114.114,Dataset9,9,real,Real,,INTEGRATE T,INTEGRATE T,INTEGRATE,,,,,138.0,0.46,0.93,0.6155395683453238,,,,,,,,,,,True,True,False,Benchmarki_Agnieszka.xlsx,"Sensitivity, Precision",new_tool,"yes, INTEGRATE",,no
OBS0347,9,https://doi.org/10.1101%2Fgr.186114.114,Dataset9,9,real,Real,,INTEGRATE S,INTEGRATE S,INTEGRATE,,,,,138.0,0.42,0.85,0.5622047244094488,,,,,,,,,,,True,True,False,Benchmarki_Agnieszka.xlsx,"Sensitivity, Precision",new_tool,"yes, INTEGRATE",,no
OBS0348,9,https://doi.org/10.1101%2Fgr.186114.114,Dataset9,9,real,Real,,nFuse,nFuse,nFuse,,45.0,,,138.0,0.33,0.44,0.3771428571428571,,93.0,,0.3260869565217391,,,,,,,True,True,False,Benchmarki_Agnieszka.xlsx,"Sensitivity, Precision",new_tool,"yes, INTEGRATE",93.0,no
OBS0349,9,https://doi.org/10.1101%2Fgr.186114.114,Dataset9,9,real,Real,,ChimeraScan,ChimeraScan,ChimeraScan,,,,,138.0,0.29,0.74,0.4166990291262136,,,,,,,,,,,True,True,False,Benchmarki_Agnieszka.xlsx,"Sensitivity, Precision",new_tool,"yes, INTEGRATE",,no
OBS0350,9,https://doi.org/10.1101%2Fgr.186114.114,Dataset9,9,real,Real,,FusionCatcher,FusionCatcher,FusionCatcher,,,,,138.0,0.25,0.95,0.3958333333333333,,,,,,,,,,,True,True,False,Benchmarki_Agnieszka.xlsx,"Sensitivity, Precision",new_tool,"yes, INTEGRATE",,no
OBS0351,9,https://doi.org/10.1101%2Fgr.186114.114,Dataset9,9,real,Real,,TopHat-Fusion,TopHat-Fusion,TopHat-Fusion,,,,,138.0,0.1,1.0,0.1818181818181818,,,,,,,,,,,True,True,False,Benchmarki_Agnieszka.xlsx,"Sensitivity, Precision",new_tool,"yes, INTEGRATE",,no
OBS0352,9,https://doi.org/10.1101%2Fgr.186114.114,Dataset9,9,real,Real,,pyPRADA,pyPRADA,pyPRADA,,,,,138.0,0.1,1.0,0.1818181818181818,,,,,,,,,,,True,True,False,Benchmarki_Agnieszka.xlsx,"Sensitivity, Precision",new_tool,"yes, INTEGRATE",,no
OBS0353,9,https://doi.org/10.1101%2Fgr.186114.114,Dataset9,9,real,Real,,TRUP,TRUP,TRUP,,,,,138.0,0.1,1.0,0.1818181818181818,,,,,,,,,,,True,True,False,Benchmarki_Agnieszka.xlsx,"Sensitivity, Precision",new_tool,"yes, INTEGRATE",,no
OBS0354,9,https://doi.org/10.1101%2Fgr.186114.114,Dataset9,9,real,Real,,Comrad,Comrad,Comrad,,,,,138.0,0.1,1.0,0.1818181818181818,,,,,,,,,,,True,True,False,Benchmarki_Agnieszka.xlsx,"Sensitivity, Precision",new_tool,"yes, INTEGRATE",,no
OBS0355,9,https://doi.org/10.1101%2Fgr.186114.114,Dataset9,9,real,Real,,BreakTrans,BreakTrans,BreakTrans,,,,,138.0,0.1,1.0,0.1818181818181818,,,,,,,,,,,True,True,False,Benchmarki_Agnieszka.xlsx,"Sensitivity, Precision",new_tool,"yes, INTEGRATE",,no
OBS0356,10,https://doi.org/10.1186/s13073-015-0167-x,Dataset10.1,10.1,simulated,Simulated,,JAFFA-Hybrid,JAFFA-Hybrid,JAFFA,,44.0,0.0,44.0,50.0,0.88,1.0,0.9361702127659576,,6.0,1.0,0.88,0.9361702127659576,,,,,,True,True,False,Benchmarki_Agnieszka.xlsx,"Sensitivity, Precision",new_tool,"yes, JAFFA",6.0,no
OBS0357,10,https://doi.org/10.1186/s13073-015-0167-x,Dataset10.1,10.1,simulated,Simulated,,JAFFA-Assembly,JAFFA-Assembly,JAFFA,,39.0,0.0,39.0,50.0,0.78,1.0,0.8764044943820225,,11.0,1.0,0.78,0.8764044943820225,,,,,,True,True,False,Benchmarki_Agnieszka.xlsx,"Sensitivity, Precision",new_tool,"yes, JAFFA",11.0,no
OBS0358,10,https://doi.org/10.1186/s13073-015-0167-x,Dataset10.1,10.1,simulated,Simulated,,SOAPfuse,SOAPfuse,SOAPfuse,,37.0,1.0,38.0,50.0,0.74,0.9736842105263158,0.8409090909090909,,13.0,0.9736842105263158,0.74,0.8409090909090909,,,,,,True,True,False,Benchmarki_Agnieszka.xlsx,"Sensitivity, Precision",new_tool,"yes, JAFFA",13.0,no
OBS0359,10,https://doi.org/10.1186/s13073-015-0167-x,Dataset10.1,10.1,simulated,Simulated,,JAFFA-Direct,JAFFA-Direct,JAFFA,,34.0,0.0,34.0,50.0,0.68,1.0,0.8095238095238095,,16.0,1.0,0.68,0.8095238095238095,,,,,,True,True,False,Benchmarki_Agnieszka.xlsx,"Sensitivity, Precision",new_tool,"yes, JAFFA",16.0,no
OBS0360,10,https://doi.org/10.1186/s13073-015-0167-x,Dataset10.1,10.1,simulated,Simulated,,deFuse,deFuse,deFuse,,34.0,0.0,34.0,50.0,0.68,1.0,0.8095238095238095,,16.0,1.0,0.68,0.8095238095238095,,,,,,True,True,False,Benchmarki_Agnieszka.xlsx,"Sensitivity, Precision",new_tool,"yes, JAFFA",16.0,no
OBS0361,10,https://doi.org/10.1186/s13073-015-0167-x,Dataset10.1,10.1,simulated,Simulated,,TopHat-Fusion,TopHat-Fusion,TopHat-Fusion,,27.0,0.0,27.0,50.0,0.54,1.0,0.7012987012987013,,23.0,1.0,0.54,0.7012987012987013,,,,,,True,True,False,Benchmarki_Agnieszka.xlsx,"Sensitivity, Precision",new_tool,"yes, JAFFA",23.0,no
OBS0362,10,https://doi.org/10.1186/s13073-015-0167-x,Dataset10.1,10.1,simulated,Simulated,,FusionCatcher,FusionCatcher,FusionCatcher,,,,,,,,,,,,,,,,,,,False,False,False,Benchmarki_Agnieszka.xlsx,"Sensitivity, Precision",new_tool,"yes, JAFFA",,no
OBS0368,11,https://doi.org/10.3389/fmolb.2023.1141310,Dataset11.1,11.1,real,Real,,Arriba,Arriba,Arriba,,14.0,1.0,15.0,19.0,0.737,0.933,0.82,5.0,5.0,0.9333333333333333,0.7368421052631579,0.8235294117647058,,,,,,True,True,no,Vicente-Garces_2023_Fusion_InPipe,Table 1,new_tool,Fusion InPipe,5.0,no
OBS0369,11,https://doi.org/10.3389/fmolb.2023.1141310,Dataset11.1,11.1,real,Real,,CICERO,CICERO,CICERO,,14.0,1.0,15.0,19.0,0.737,0.933,0.82,5.0,5.0,0.9333333333333333,0.7368421052631579,0.8235294117647058,,,,,,True,True,no,Vicente-Garces_2023_Fusion_InPipe,Table 1,new_tool,Fusion InPipe,5.0,no
OBS0370,11,https://doi.org/10.3389/fmolb.2023.1141310,Dataset11.1,11.1,real,Real,,deFuse,deFuse,deFuse,,12.0,6.0,18.0,19.0,0.632,0.667,0.65,7.0,7.0,0.6666666666666666,0.631578947368421,0.6486486486486486,,,,,,True,True,no,Vicente-Garces_2023_Fusion_InPipe,Table 1,new_tool,Fusion InPipe,7.0,no
OBS0371,11,https://doi.org/10.3389/fmolb.2023.1141310,Dataset11.1,11.1,real,Real,,FusionCatcher,FusionCatcher,FusionCatcher,,16.0,6.0,22.0,19.0,0.842,0.727,0.78,3.0,3.0,0.7272727272727273,0.8421052631578947,0.7804878048780488,,,,,,True,True,no,Vicente-Garces_2023_Fusion_InPipe,Table 1,new_tool,Fusion InPipe,3.0,no
OBS0372,11,https://doi.org/10.3389/fmolb.2023.1141310,Dataset11.1,11.1,real,Real,,STAR-Fusion,STAR-Fusion,STAR-Fusion,,14.0,5.0,19.0,19.0,0.737,0.737,0.74,5.0,5.0,0.7368421052631579,0.7368421052631579,0.7368421052631579,,,,,,True,True,no,Vicente-Garces_2023_Fusion_InPipe,Table 1,new_tool,Fusion InPipe,5.0,no
OBS0373,11,https://doi.org/10.3389/fmolb.2023.1141310,Dataset11.1,11.1,real,Real,,Fusion InPipe-5,Fusion InPipe-5,Fusion InPipe,,13.0,1.0,14.0,19.0,0.684,0.929,0.79,6.0,6.0,0.9285714285714286,0.6842105263157895,0.7878787878787878,,,,,,True,True,no,Vicente-Garces_2023_Fusion_InPipe,Table 1,new_tool,Fusion InPipe,6.0,no
OBS0374,11,https://doi.org/10.3389/fmolb.2023.1141310,Dataset11.1,11.1,real,Real,,Fusion InPipe-4,Fusion InPipe-4,Fusion InPipe,,14.0,2.0,16.0,19.0,0.737,0.875,0.8,5.0,5.0,0.875,0.7368421052631579,0.7999999999999999,,,,,,True,True,no,Vicente-Garces_2023_Fusion_InPipe,Table 1,new_tool,Fusion InPipe,5.0,no
OBS0375,11,https://doi.org/10.3389/fmolb.2023.1141310,Dataset11.1,11.1,real,Real,,Fusion InPipe-3,Fusion InPipe-3,Fusion InPipe,,16.0,4.0,20.0,19.0,0.842,0.8,0.82,3.0,3.0,0.8,0.8421052631578947,0.8205128205128205,,,,,,True,True,no,Vicente-Garces_2023_Fusion_InPipe,Table 1,new_tool,Fusion InPipe,3.0,no
OBS0376,11,https://doi.org/10.3389/fmolb.2023.1141310,Dataset11.2,11.2,real,Real,,Arriba,Arriba,Arriba,,19.0,0.0,19.0,22.0,0.864,1.0,0.93,3.0,3.0,1.0,0.8636363636363636,0.9268292682926829,,,,,,True,True,no,Vicente-Garces_2023_Fusion_InPipe,Table 1,new_tool,Fusion InPipe,3.0,no
OBS0377,11,https://doi.org/10.3389/fmolb.2023.1141310,Dataset11.2,11.2,real,Real,,CICERO,CICERO,CICERO,,16.0,0.0,16.0,22.0,0.727,1.0,0.84,6.0,6.0,1.0,0.7272727272727273,0.8421052631578948,,,,,,True,True,no,Vicente-Garces_2023_Fusion_InPipe,Table 1,new_tool,Fusion InPipe,6.0,no
OBS0378,11,https://doi.org/10.3389/fmolb.2023.1141310,Dataset11.2,11.2,real,Real,,deFuse,deFuse,deFuse,,16.0,0.0,16.0,22.0,0.727,1.0,0.84,6.0,6.0,1.0,0.7272727272727273,0.8421052631578948,,,,,,True,True,no,Vicente-Garces_2023_Fusion_InPipe,Table 1,new_tool,Fusion InPipe,6.0,no
OBS0379,11,https://doi.org/10.3389/fmolb.2023.1141310,Dataset11.2,11.2,real,Real,,FusionCatcher,FusionCatcher,FusionCatcher,,21.0,1.0,22.0,22.0,0.955,0.955,0.96,1.0,1.0,0.9545454545454546,0.9545454545454546,0.9545454545454546,,,,,,True,True,no,Vicente-Garces_2023_Fusion_InPipe,Table 1,new_tool,Fusion InPipe,1.0,no
OBS0380,11,https://doi.org/10.3389/fmolb.2023.1141310,Dataset11.2,11.2,real,Real,,STAR-Fusion,STAR-Fusion,STAR-Fusion,,20.0,5.0,25.0,22.0,0.909,0.8,0.85,2.0,2.0,0.8,0.9090909090909091,0.8510638297872342,,,,,,True,True,no,Vicente-Garces_2023_Fusion_InPipe,Table 1,new_tool,Fusion InPipe,2.0,no
OBS0381,11,https://doi.org/10.3389/fmolb.2023.1141310,Dataset11.2,11.2,real,Real,,Fusion InPipe-5,Fusion InPipe-5,Fusion InPipe,,12.0,0.0,12.0,22.0,0.545,1.0,0.71,10.0,10.0,1.0,0.5454545454545454,0.7058823529411764,,,,,,True,True,no,Vicente-Garces_2023_Fusion_InPipe,Table 1,new_tool,Fusion InPipe,10.0,no
OBS0382,11,https://doi.org/10.3389/fmolb.2023.1141310,Dataset11.2,11.2,real,Real,,Fusion InPipe-4,Fusion InPipe-4,Fusion InPipe,,18.0,0.0,18.0,22.0,0.818,1.0,0.9,4.0,4.0,1.0,0.8181818181818182,0.9,,,,,,True,True,no,Vicente-Garces_2023_Fusion_InPipe,Table 1,new_tool,Fusion InPipe,4.0,no
OBS0383,11,https://doi.org/10.3389/fmolb.2023.1141310,Dataset11.2,11.2,real,Real,,Fusion InPipe-3,Fusion InPipe-3,Fusion InPipe,,22.0,1.0,23.0,22.0,1.0,0.957,0.98,0.0,0.0,0.9565217391304348,1.0,0.9777777777777777,,,,,,True,True,no,Vicente-Garces_2023_Fusion_InPipe,Table 1,new_tool,Fusion InPipe,0.0,no
